date,demand,is_holiday,is_promo
2006-01-29,177.94,0,0
2006-01-30,105.58,0,0
2006-01-31,126.02,0,0
2006-02-01,171.68,0,0
2006-02-02,168.68,0,0
2006-02-03,192.66,0,0
2006-02-04,211.73,0,0
2006-02-05,195.01,0,0
2006-02-06,144.24,0,0
2006-02-07,143.39,0,0
2006-02-08,164.41,0,0
2006-02-09,166.86,0,0
2006-02-10,222.61,0,0
2006-02-11,180.68,0,0
2006-02-12,214.26,0,0
2006-02-13,146.38,0,0
2006-02-14,226.13,1,0
2006-02-15,180.87,0,0
2006-02-16,141.33,0,0
2006-02-17,153.63,0,0
2006-02-18,181.82,0,0
2006-02-19,153.88,0,0
2006-02-20,166.97,0,0
2006-02-21,144.22,0,0
2006-02-22,153.71,0,0
2006-02-23,169.09,0,0
2006-02-24,137.53,0,0
2006-02-25,222.13,0,0
2006-02-26,178.87,0,0
2006-02-27,167.72,0,0
2006-02-28,166.68,0,0
2006-03-01,179.93,0,0
2006-03-02,162.7,0,0
2006-03-03,133.31,0,0
2006-03-04,203.97,0,0
2006-03-05,190.46,0,0
2006-03-06,140.98,0,0
2006-03-07,156.89,0,0
2006-03-08,152.24,0,0
2006-03-09,141.9,0,0
2006-03-10,191.59,0,0
2006-03-11,186.07,0,0
2006-03-12,183.64,0,0
2006-03-13,158.86,0,0
2006-03-14,188.76,0,0
2006-03-15,158.49,0,0
2006-03-16,174.46,0,0
2006-03-17,163.93,0,0
2006-03-18,220.12,0,0
2006-03-19,213.4,0,0
2006-03-20,173.42,0,0
2006-03-21,219.09,0,1
2006-03-22,173.72,0,0
2006-03-23,143.26,0,0
2006-03-24,165.98,0,0
2006-03-25,209.04,0,0
2006-03-26,176.17,0,0
2006-03-27,150.08,0,0
2006-03-28,129.5,0,0
2006-03-29,148.61,0,0
2006-03-30,176.69,0,0
2006-03-31,180.15,0,0
2006-04-01,201.6,0,0
2006-04-02,199.95,0,0
2006-04-03,167.27,0,0
2006-04-04,185.14,0,0
2006-04-05,172.56,0,0
2006-04-06,208.51,0,0
2006-04-07,200.51,0,0
2006-04-08,184.19,0,0
2006-04-09,203.06,0,0
2006-04-10,147.14,0,0
2006-04-11,178.94,0,0
2006-04-12,165.14,0,0
2006-04-13,189.02,0,0
2006-04-14,165.78,0,0
2006-04-15,226.54,0,0
2006-04-16,229.51,0,0
2006-04-17,195.9,0,0
2006-04-18,168.79,0,0
2006-04-19,182.63,0,0
2006-04-20,190.42,0,0
2006-04-21,238.25,0,0
2006-04-22,202.84,0,0
2006-04-23,188.26,0,0
2006-04-24,242.38,0,0
2006-04-25,182.02,0,0
2006-04-26,149.5,0,0
2006-04-27,179.55,0,0
2006-04-28,151.43,0,0
2006-04-29,249.13,0,0
2006-04-30,243.9,0,0
2006-05-01,170.38,0,0
2006-05-02,175.36,0,0
2006-05-03,213.03,0,0
2006-05-04,155.72,0,0
2006-05-05,191.3,0,0
2006-05-06,246.05,0,0
2006-05-07,207.88,0,0
2006-05-08,192.91,0,0
2006-05-09,171.18,0,0
2006-05-10,211.18,0,0
2006-05-11,210.24,0,0
2006-05-12,225.96,0,0
2006-05-13,253.41,0,0
2006-05-14,241.15,0,0
2006-05-15,167.55,0,0
2006-05-16,215.99,0,0
2006-05-17,202.17,0,0
2006-05-18,202.65,0,0
2006-05-19,251.64,0,0
2006-05-20,231.23,0,0
2006-05-21,273.1,0,0
2006-05-22,238.43,0,0
2006-05-23,222.19,0,0
2006-05-24,179.14,0,0
2006-05-25,150.35,0,0
2006-05-26,250.65,0,0
2006-05-27,258.68,0,0
2006-05-28,220.41,0,0
2006-05-29,239.22,0,0
2006-05-30,180.13,0,0
2006-05-31,194.14,0,0
2006-06-01,227.57,0,0
2006-06-02,201.39,0,0
2006-06-03,259.81,0,0
2006-06-04,275.19,0,0
2006-06-05,223.55,0,0
2006-06-06,232.56,0,0
2006-06-07,238.83,0,0
2006-06-08,221.07,0,0
2006-06-09,182.48,0,0
2006-06-10,236.88,0,0
2006-06-11,279.3,0,0
2006-06-12,175.77,0,0
2006-06-13,204.55,0,0
2006-06-14,222.77,0,0
2006-06-15,257.93,0,0
2006-06-16,228.31,0,0
2006-06-17,264.1,0,0
2006-06-18,251.05,0,0
2006-06-19,230.18,0,0
2006-06-20,205.44,0,0
2006-06-21,238.97,0,0
2006-06-22,206.41,0,0
2006-06-23,248.59,0,0
2006-06-24,290.35,0,0
2006-06-25,247.71,0,0
2006-06-26,237.76,0,0
2006-06-27,218.92,0,0
2006-06-28,245.5,0,0
2006-06-29,231.68,0,0
2006-06-30,259.16,0,0
2006-07-01,263.86,0,0
2006-07-02,241.11,0,0
2006-07-03,260.09,0,0
2006-07-04,311.36,1,0
2006-07-05,204.96,0,0
2006-07-06,242.38,0,0
2006-07-07,187.24,0,0
2006-07-08,272.35,0,0
2006-07-09,292.15,0,0
2006-07-10,223.48,0,0
2006-07-11,232.47,0,0
2006-07-12,161.42,0,0
2006-07-13,224.0,0,0
2006-07-14,263.86,0,0
2006-07-15,306.66,0,0
2006-07-16,295.47,0,0
2006-07-17,228.86,0,0
2006-07-18,223.92,0,0
2006-07-19,192.75,0,0
2006-07-20,235.76,0,0
2006-07-21,220.67,0,0
2006-07-22,223.5,0,0
2006-07-23,231.72,0,0
2006-07-24,267.48,0,0
2006-07-25,222.92,0,0
2006-07-26,240.31,0,0
2006-07-27,230.0,0,0
2006-07-28,208.58,0,0
2006-07-29,320.68,0,0
2006-07-30,206.37,0,0
2006-07-31,220.47,0,0
2006-08-01,226.32,0,0
2006-08-02,229.02,0,0
2006-08-03,216.86,0,0
2006-08-04,199.99,0,0
2006-08-05,268.99,0,0
2006-08-06,255.37,0,0
2006-08-07,201.89,0,0
2006-08-08,256.95,0,0
2006-08-09,199.66,0,0
2006-08-10,252.62,0,0
2006-08-11,263.63,0,0
2006-08-12,325.92,0,0
2006-08-13,265.7,0,0
2006-08-14,245.19,0,0
2006-08-15,219.6,0,0
2006-08-16,242.63,0,0
2006-08-17,198.15,0,0
2006-08-18,184.67,0,0
2006-08-19,298.54,0,0
2006-08-20,276.98,0,0
2006-08-21,297.93,0,1
2006-08-22,208.29,0,0
2006-08-23,266.11,0,0
2006-08-24,215.41,0,0
2006-08-25,261.74,0,0
2006-08-26,293.66,0,0
2006-08-27,312.45,0,0
2006-08-28,226.91,0,0
2006-08-29,199.56,0,0
2006-08-30,192.2,0,0
2006-08-31,289.63,0,0
2006-09-01,270.6,0,0
2006-09-02,297.17,0,0
2006-09-03,357.31,0,0
2006-09-04,227.96,0,0
2006-09-05,179.93,0,0
2006-09-06,218.93,0,0
2006-09-07,209.77,0,0
2006-09-08,243.57,0,0
2006-09-09,264.07,0,0
2006-09-10,244.07,0,0
2006-09-11,190.5,0,0
2006-09-12,253.84,0,0
2006-09-13,227.75,0,0
2006-09-14,219.83,0,0
2006-09-15,267.62,0,0
2006-09-16,290.86,0,0
2006-09-17,261.97,0,0
2006-09-18,240.95,0,0
2006-09-19,221.82,0,0
2006-09-20,237.15,0,0
2006-09-21,240.02,0,0
2006-09-22,246.94,0,0
2006-09-23,260.33,0,0
2006-09-24,369.21,0,1
2006-09-25,201.57,0,0
2006-09-26,225.6,0,0
2006-09-27,227.89,0,0
2006-09-28,213.62,0,0
2006-09-29,222.21,0,0
2006-09-30,255.18,0,0
2006-10-01,232.63,0,0
2006-10-02,188.21,0,0
2006-10-03,190.88,0,0
2006-10-04,209.83,0,0
2006-10-05,254.32,0,0
2006-10-06,248.78,0,0
2006-10-07,194.64,0,0
2006-10-08,262.0,0,0
2006-10-09,196.82,0,0
2006-10-10,220.33,0,0
2006-10-11,198.41,0,0
2006-10-12,207.12,0,0
2006-10-13,222.24,0,0
2006-10-14,245.28,0,0
2006-10-15,278.45,0,0
2006-10-16,202.38,0,0
2006-10-17,226.75,0,0
2006-10-18,225.09,0,0
2006-10-19,228.66,0,0
2006-10-20,178.13,0,0
2006-10-21,278.64,0,0
2006-10-22,222.46,0,0
2006-10-23,221.73,0,0
2006-10-24,173.28,0,0
2006-10-25,168.62,0,0
2006-10-26,244.43,0,0
2006-10-27,197.6,0,0
2006-10-28,274.39,0,0
2006-10-29,231.33,0,0
2006-10-30,186.6,0,0
2006-10-31,186.91,0,0
2006-11-01,167.34,0,0
2006-11-02,203.64,0,0
2006-11-03,199.08,0,0
2006-11-04,233.99,0,0
2006-11-05,254.36,0,0
2006-11-06,193.8,0,0
2006-11-07,147.53,0,0
2006-11-08,206.91,0,0
2006-11-09,200.8,0,0
2006-11-10,201.01,0,0
2006-11-11,260.65,0,0
2006-11-12,201.91,0,0
2006-11-13,170.32,0,0
2006-11-14,220.26,0,0
2006-11-15,176.94,0,0
2006-11-16,194.16,0,0
2006-11-17,197.03,0,0
2006-11-18,261.77,0,0
2006-11-19,206.39,0,0
2006-11-20,154.88,0,0
2006-11-21,157.0,0,0
2006-11-22,206.6,0,0
2006-11-23,197.14,0,0
2006-11-24,198.43,0,0
2006-11-25,265.95,0,0
2006-11-26,220.07,0,0
2006-11-27,232.53,1,0
2006-11-28,166.21,0,0
2006-11-29,181.17,0,0
2006-11-30,169.23,0,0
2006-12-01,194.44,0,0
2006-12-02,230.97,0,0
2006-12-03,172.04,0,0
2006-12-04,178.11,0,0
2006-12-05,158.94,0,0
2006-12-06,199.95,0,0
2006-12-07,151.03,0,0
2006-12-08,192.29,0,0
2006-12-09,203.63,0,0
2006-12-10,218.11,0,0
2006-12-11,167.09,0,0
2006-12-12,194.41,0,0
2006-12-13,182.57,0,0
2006-12-14,173.15,0,0
2006-12-15,200.57,0,0
2006-12-16,201.24,0,0
2006-12-17,215.5,0,0
2006-12-18,144.38,0,0
2006-12-19,145.99,0,0
2006-12-20,179.26,0,0
2006-12-21,199.18,0,0
2006-12-22,141.6,0,0
2006-12-23,241.79,0,0
2006-12-24,260.84,1,0
2006-12-25,181.9,1,0
2006-12-26,104.0,0,0
2006-12-27,141.48,0,0
2006-12-28,172.28,0,0
2006-12-29,179.77,0,0
2006-12-30,221.07,0,0
2006-12-31,244.37,1,0
2007-01-01,200.93,1,0
2007-01-02,146.98,0,0
2007-01-03,169.89,0,0
2007-01-04,173.73,0,0
2007-01-05,162.89,0,0
2007-01-06,220.75,0,0
2007-01-07,171.3,0,0
2007-01-08,138.9,0,0
2007-01-09,151.84,0,0
2007-01-10,190.06,0,0
2007-01-11,157.24,0,0
2007-01-12,161.1,0,0
2007-01-13,225.9,0,0
2007-01-14,231.8,0,0
2007-01-15,169.93,0,0
2007-01-16,177.55,0,0
2007-01-17,175.42,0,0
2007-01-18,154.54,0,0
2007-01-19,167.2,0,0
2007-01-20,166.58,0,0
2007-01-21,187.44,0,0
2007-01-22,156.2,0,0
2007-01-23,156.32,0,0
2007-01-24,148.61,0,0
2007-01-25,149.8,0,0
2007-01-26,185.45,0,0
2007-01-27,204.24,0,0
2007-01-28,156.51,0,0
2007-01-29,154.82,0,0
2007-01-30,128.89,0,0
2007-01-31,157.36,0,0
2007-02-01,175.47,0,0
2007-02-02,183.52,0,0
2007-02-03,191.05,0,0
2007-02-04,193.31,0,0
2007-02-05,153.4,0,0
2007-02-06,137.42,0,0
2007-02-07,175.27,0,0
2007-02-08,185.32,0,0
2007-02-09,194.32,0,0
2007-02-10,182.84,0,0
2007-02-11,219.4,0,0
2007-02-12,145.62,0,0
2007-02-13,177.22,0,0
2007-02-14,195.99,1,0
2007-02-15,161.32,0,0
2007-02-16,137.4,0,0
2007-02-17,196.56,0,0
2007-02-18,185.12,0,0
2007-02-19,158.9,0,0
2007-02-20,190.33,0,0
2007-02-21,141.04,0,0
2007-02-22,156.52,0,0
2007-02-23,164.31,0,0
2007-02-24,189.99,0,0
2007-02-25,226.03,0,0
2007-02-26,192.02,0,0
2007-02-27,184.18,0,1
2007-02-28,149.27,0,0
2007-03-01,159.43,0,0
2007-03-02,203.64,0,0
2007-03-03,236.13,0,0
2007-03-04,191.44,0,0
2007-03-05,135.69,0,0
2007-03-06,136.14,0,0
2007-03-07,172.47,0,0
2007-03-08,181.58,0,0
2007-03-09,146.8,0,0
2007-03-10,213.3,0,0
2007-03-11,234.43,0,0
2007-03-12,160.32,0,0
2007-03-13,189.8,0,0
2007-03-14,181.57,0,0
2007-03-15,155.5,0,0
2007-03-16,186.43,0,0
2007-03-17,214.72,0,0
2007-03-18,189.61,0,0
2007-03-19,156.38,0,0
2007-03-20,192.47,0,0
2007-03-21,161.3,0,0
2007-03-22,210.16,0,0
2007-03-23,187.59,0,0
2007-03-24,218.9,0,0
2007-03-25,222.3,0,0
2007-03-26,166.01,0,0
2007-03-27,220.46,0,1
2007-03-28,140.81,0,0
2007-03-29,199.72,0,0
2007-03-30,153.04,0,0
2007-03-31,216.42,0,0
2007-04-01,232.06,0,0
2007-04-02,196.67,0,0
2007-04-03,152.76,0,0
2007-04-04,159.32,0,0
2007-04-05,176.32,0,0
2007-04-06,210.12,0,0
2007-04-07,183.08,0,0
2007-04-08,221.86,0,0
2007-04-09,189.87,0,0
2007-04-10,175.42,0,0
2007-04-11,195.2,0,0
2007-04-12,197.11,0,0
2007-04-13,189.21,0,0
2007-04-14,186.31,0,0
2007-04-15,226.93,0,0
2007-04-16,170.89,0,0
2007-04-17,174.45,0,0
2007-04-18,203.22,0,0
2007-04-19,238.1,0,0
2007-04-20,211.89,0,0
2007-04-21,251.24,0,0
2007-04-22,190.21,0,0
2007-04-23,211.16,0,0
2007-04-24,183.83,0,0
2007-04-25,225.42,0,0
2007-04-26,198.35,0,0
2007-04-27,202.43,0,0
2007-04-28,279.16,0,0
2007-04-29,232.82,0,0
2007-04-30,175.3,0,0
2007-05-01,247.12,0,0
2007-05-02,173.67,0,0
2007-05-03,206.5,0,0
2007-05-04,232.44,0,0
2007-05-05,259.12,0,0
2007-05-06,230.97,0,0
2007-05-07,207.69,0,0
2007-05-08,188.83,0,0
2007-05-09,171.17,0,0
2007-05-10,271.28,0,0
2007-05-11,224.03,0,0
2007-05-12,275.07,0,0
2007-05-13,233.59,0,0
2007-05-14,203.43,0,0
2007-05-15,191.72,0,0
2007-05-16,176.47,0,0
2007-05-17,210.61,0,0
2007-05-18,223.61,0,0
2007-05-19,288.82,0,0
2007-05-20,221.56,0,0
2007-05-21,200.62,0,0
2007-05-22,191.68,0,0
2007-05-23,250.52,0,0
2007-05-24,205.25,0,0
2007-05-25,255.44,0,0
2007-05-26,302.04,0,0
2007-05-27,244.61,0,0
2007-05-28,180.43,0,0
2007-05-29,180.69,0,0
2007-05-30,235.67,0,0
2007-05-31,203.79,0,0
2007-06-01,257.73,0,0
2007-06-02,276.27,0,0
2007-06-03,267.66,0,0
2007-06-04,235.92,0,0
2007-06-05,194.49,0,0
2007-06-06,199.9,0,0
2007-06-07,251.06,0,0
2007-06-08,225.41,0,0
2007-06-09,185.39,0,0
2007-06-10,279.65,0,0
2007-06-11,204.33,0,0
2007-06-12,230.31,0,0
2007-06-13,266.9,0,0
2007-06-14,236.42,0,0
2007-06-15,288.2,0,0
2007-06-16,296.23,0,0
2007-06-17,318.68,0,0
2007-06-18,197.92,0,0
2007-06-19,223.95,0,0
2007-06-20,252.48,0,0
2007-06-21,235.95,0,0
2007-06-22,292.57,0,0
2007-06-23,268.87,0,0
2007-06-24,341.57,0,0
2007-06-25,284.61,0,0
2007-06-26,224.02,0,0
2007-06-27,244.64,0,0
2007-06-28,262.1,0,0
2007-06-29,220.87,0,0
2007-06-30,263.47,0,0
2007-07-01,387.23,0,1
2007-07-02,236.54,0,0
2007-07-03,223.81,0,0
2007-07-04,312.75,1,0
2007-07-05,185.03,0,0
2007-07-06,252.89,0,0
2007-07-07,272.61,0,0
2007-07-08,298.17,0,0
2007-07-09,277.78,0,0
2007-07-10,248.57,0,0
2007-07-11,246.22,0,0
2007-07-12,204.83,0,0
2007-07-13,279.3,0,0
2007-07-14,314.75,0,0
2007-07-15,312.1,0,0
2007-07-16,304.63,0,0
2007-07-17,234.11,0,1
2007-07-18,217.26,0,0
2007-07-19,222.27,0,0
2007-07-20,275.99,0,0
2007-07-21,298.62,0,0
2007-07-22,271.43,0,0
2007-07-23,274.45,0,0
2007-07-24,201.6,0,0
2007-07-25,214.78,0,0
2007-07-26,217.82,0,0
2007-07-27,259.42,0,0
2007-07-28,257.75,0,0
2007-07-29,277.28,0,0
2007-07-30,241.54,0,0
2007-07-31,217.71,0,0
2007-08-01,261.52,0,0
2007-08-02,245.55,0,0
2007-08-03,306.61,0,0
2007-08-04,296.94,0,0
2007-08-05,277.34,0,0
2007-08-06,223.58,0,0
2007-08-07,239.08,0,0
2007-08-08,258.48,0,0
2007-08-09,237.17,0,0
2007-08-10,282.78,0,0
2007-08-11,274.79,0,0
2007-08-12,302.51,0,0
2007-08-13,231.87,0,0
2007-08-14,261.67,0,0
2007-08-15,242.7,0,0
2007-08-16,296.87,0,0
2007-08-17,232.28,0,0
2007-08-18,253.67,0,0
2007-08-19,264.42,0,0
2007-08-20,208.65,0,0
2007-08-21,201.59,0,0
2007-08-22,256.56,0,0
2007-08-23,256.73,0,0
2007-08-24,247.79,0,0
2007-08-25,283.47,0,0
2007-08-26,257.22,0,0
2007-08-27,279.95,0,0
2007-08-28,202.09,0,0
2007-08-29,208.07,0,0
2007-08-30,261.49,0,0
2007-08-31,256.95,0,0
2007-09-01,353.33,0,0
2007-09-02,261.32,0,0
2007-09-03,254.44,0,0
2007-09-04,250.11,0,0
2007-09-05,220.8,0,0
2007-09-06,219.41,0,0
2007-09-07,277.99,0,0
2007-09-08,310.65,0,0
2007-09-09,233.09,0,0
2007-09-10,200.68,0,0
2007-09-11,158.0,0,0
2007-09-12,245.74,0,0
2007-09-13,235.69,0,0
2007-09-14,259.3,0,0
2007-09-15,287.44,0,1
2007-09-16,233.83,0,0
2007-09-17,224.54,0,0
2007-09-18,216.43,0,0
2007-09-19,225.43,0,0
2007-09-20,248.13,0,0
2007-09-21,318.08,0,0
2007-09-22,280.21,0,0
2007-09-23,292.5,0,0
2007-09-24,207.88,0,0
2007-09-25,187.01,0,0
2007-09-26,208.79,0,0
2007-09-27,199.55,0,0
2007-09-28,246.6,0,0
2007-09-29,257.0,0,0
2007-09-30,211.82,0,0
2007-10-01,268.08,0,0
2007-10-02,201.87,0,0
2007-10-03,184.19,0,0
2007-10-04,250.85,0,0
2007-10-05,227.8,0,0
2007-10-06,306.3,0,0
2007-10-07,238.87,0,0
2007-10-08,199.73,0,0
2007-10-09,215.26,0,0
2007-10-10,223.37,0,0
2007-10-11,243.63,0,0
2007-10-12,230.29,0,0
2007-10-13,281.52,0,0
2007-10-14,265.36,0,0
2007-10-15,227.77,0,0
2007-10-16,200.0,0,0
2007-10-17,171.98,0,0
2007-10-18,236.31,0,0
2007-10-19,245.13,0,0
2007-10-20,251.42,0,0
2007-10-21,279.69,0,0
2007-10-22,184.58,0,0
2007-10-23,245.32,0,0
2007-10-24,209.47,0,0
2007-10-25,220.69,0,0
2007-10-26,223.04,0,0
2007-10-27,204.37,0,0
2007-10-28,233.52,0,0
2007-10-29,221.71,0,0
2007-10-30,221.16,0,0
2007-10-31,201.26,0,0
2007-11-01,150.86,0,0
2007-11-02,181.58,0,0
2007-11-03,306.87,0,0
2007-11-04,206.11,0,0
2007-11-05,228.08,0,0
2007-11-06,218.08,0,1
2007-11-07,204.01,0,0
2007-11-08,223.25,0,0
2007-11-09,202.25,0,0
2007-11-10,286.01,0,0
2007-11-11,223.93,0,0
2007-11-12,202.11,0,0
2007-11-13,177.32,0,0
2007-11-14,209.41,0,0
2007-11-15,239.68,0,0
2007-11-16,208.43,0,0
2007-11-17,289.29,0,0
2007-11-18,217.49,0,0
2007-11-19,220.08,0,0
2007-11-20,201.22,0,0
2007-11-21,167.48,0,0
2007-11-22,206.65,0,0
2007-11-23,218.76,0,0
2007-11-24,205.03,0,0
2007-11-25,236.69,0,0
2007-11-26,190.28,0,0
2007-11-27,242.95,1,0
2007-11-28,183.67,0,0
2007-11-29,193.92,0,0
2007-11-30,193.57,0,0
2007-12-01,234.7,0,0
2007-12-02,203.48,0,0
2007-12-03,241.66,0,0
2007-12-04,153.82,0,0
2007-12-05,169.78,0,0
2007-12-06,183.33,0,0
2007-12-07,254.47,0,0
2007-12-08,199.96,0,0
2007-12-09,224.15,0,0
2007-12-10,192.36,0,0
2007-12-11,187.28,0,0
2007-12-12,268.74,0,1
2007-12-13,218.12,0,0
2007-12-14,189.52,0,0
2007-12-15,224.3,0,0
2007-12-16,164.35,0,0
2007-12-17,179.84,0,0
2007-12-18,160.88,0,0
2007-12-19,169.72,0,0
2007-12-20,155.81,0,0
2007-12-21,198.48,0,0
2007-12-22,171.22,0,0
2007-12-23,207.83,0,0
2007-12-24,202.29,1,0
2007-12-25,202.85,1,0
2007-12-26,193.22,0,0
2007-12-27,189.26,0,0
2007-12-28,218.49,0,0
2007-12-29,251.77,0,0
2007-12-30,182.54,0,0
2007-12-31,274.45,1,0
2008-01-01,196.16,1,0
2008-01-02,193.62,0,0
2008-01-03,170.21,0,0
2008-01-04,173.22,0,0
2008-01-05,228.76,0,0
2008-01-06,223.5,0,0
2008-01-07,192.08,0,0
2008-01-08,177.65,0,0
2008-01-09,163.53,0,0
2008-01-10,186.67,0,0
2008-01-11,198.08,0,0
2008-01-12,225.92,0,0
2008-01-13,198.46,0,0
2008-01-14,180.84,0,0
2008-01-15,140.23,0,0
2008-01-16,163.14,0,0
2008-01-17,140.82,0,0
2008-01-18,198.97,0,0
2008-01-19,252.83,0,0
2008-01-20,186.83,0,0
2008-01-21,168.5,0,0
2008-01-22,178.42,0,0
2008-01-23,136.46,0,0
2008-01-24,157.74,0,0
2008-01-25,188.18,0,0
2008-01-26,141.13,0,0
2008-01-27,176.04,0,0
2008-01-28,188.63,0,0
2008-01-29,186.53,0,0
2008-01-30,181.11,0,0
2008-01-31,194.4,0,0
2008-02-01,195.82,0,0
2008-02-02,226.28,0,0
2008-02-03,190.86,0,0
2008-02-04,166.51,0,0
2008-02-05,148.85,0,0
2008-02-06,185.96,0,0
2008-02-07,205.32,0,0
2008-02-08,273.66,0,1
2008-02-09,196.07,0,0
2008-02-10,178.14,0,0
2008-02-11,240.38,0,1
2008-02-12,171.04,0,0
2008-02-13,173.25,0,0
2008-02-14,217.53,1,0
2008-02-15,202.54,0,0
2008-02-16,188.01,0,0
2008-02-17,218.21,0,0
2008-02-18,197.15,0,0
2008-02-19,195.97,0,0
2008-02-20,194.54,0,0
2008-02-21,143.98,0,0
2008-02-22,203.09,0,0
2008-02-23,275.95,0,0
2008-02-24,186.83,0,0
2008-02-25,172.26,0,0
2008-02-26,203.37,0,0
2008-02-27,184.04,0,0
2008-02-28,227.6,0,0
2008-02-29,177.29,0,0
2008-03-01,192.78,0,0
2008-03-02,227.95,0,0
2008-03-03,159.68,0,0
2008-03-04,206.79,0,1
2008-03-05,174.96,0,0
2008-03-06,198.1,0,0
2008-03-07,211.46,0,0
2008-03-08,228.39,0,0
2008-03-09,193.22,0,0
2008-03-10,203.94,0,0
2008-03-11,257.95,0,0
2008-03-12,195.22,0,0
2008-03-13,239.48,0,1
2008-03-14,172.0,0,0
2008-03-15,209.35,0,0
2008-03-16,211.09,0,0
2008-03-17,170.08,0,0
2008-03-18,182.24,0,0
2008-03-19,224.7,0,0
2008-03-20,213.09,0,0
2008-03-21,198.26,0,0
2008-03-22,197.92,0,0
2008-03-23,240.83,0,0
2008-03-24,184.03,0,0
2008-03-25,153.95,0,0
2008-03-26,195.91,0,0
2008-03-27,223.68,0,0
2008-03-28,151.51,0,0
2008-03-29,225.42,0,0
2008-03-30,214.85,0,0
2008-03-31,206.15,0,0
2008-04-01,170.84,0,0
2008-04-02,169.7,0,0
2008-04-03,221.95,0,0
2008-04-04,256.37,0,1
2008-04-05,261.07,0,0
2008-04-06,191.68,0,0
2008-04-07,169.86,0,0
2008-04-08,201.07,0,0
2008-04-09,193.62,0,0
2008-04-10,225.72,0,0
2008-04-11,207.42,0,0
2008-04-12,225.71,0,0
2008-04-13,269.22,0,0
2008-04-14,171.03,0,0
2008-04-15,228.64,0,0
2008-04-16,222.4,0,0
2008-04-17,235.8,0,0
2008-04-18,268.45,0,1
2008-04-19,285.76,0,1
2008-04-20,222.61,0,0
2008-04-21,168.75,0,0
2008-04-22,175.66,0,0
2008-04-23,228.56,0,0
2008-04-24,228.73,0,0
2008-04-25,199.82,0,0
2008-04-26,274.44,0,0
2008-04-27,247.36,0,0
2008-04-28,248.76,0,0
2008-04-29,215.9,0,0
2008-04-30,243.52,0,0
2008-05-01,232.89,0,0
2008-05-02,264.08,0,0
2008-05-03,282.64,0,1
2008-05-04,238.62,0,0
2008-05-05,209.04,0,0
2008-05-06,195.78,0,0
2008-05-07,228.38,0,0
2008-05-08,236.83,0,0
2008-05-09,254.98,0,0
2008-05-10,265.81,0,0
2008-05-11,230.91,0,0
2008-05-12,239.61,0,0
2008-05-13,222.44,0,0
2008-05-14,192.51,0,0
2008-05-15,227.64,0,0
2008-05-16,194.44,0,0
2008-05-17,280.29,0,0
2008-05-18,323.87,0,1
2008-05-19,210.84,0,0
2008-05-20,258.95,0,0
2008-05-21,197.08,0,0
2008-05-22,260.21,0,0
2008-05-23,311.94,0,0
2008-05-24,318.56,0,0
2008-05-25,262.21,0,0
2008-05-26,195.7,0,0
2008-05-27,182.19,0,0
2008-05-28,222.89,0,0
2008-05-29,214.13,0,0
2008-05-30,238.26,0,0
2008-05-31,278.73,0,0
2008-06-01,269.75,0,0
2008-06-02,242.0,0,0
2008-06-03,190.76,0,0
2008-06-04,215.43,0,0
2008-06-05,235.57,0,0
2008-06-06,247.38,0,0
2008-06-07,360.52,0,0
2008-06-08,275.72,0,0
2008-06-09,189.19,0,0
2008-06-10,238.44,0,0
2008-06-11,254.95,0,0
2008-06-12,230.9,0,0
2008-06-13,233.9,0,0
2008-06-14,349.13,0,0
2008-06-15,245.59,0,0
2008-06-16,253.6,0,0
2008-06-17,247.54,0,0
2008-06-18,254.32,0,0
2008-06-19,291.7,0,0
2008-06-20,281.8,0,0
2008-06-21,282.38,0,0
2008-06-22,315.54,0,0
2008-06-23,228.04,0,0
2008-06-24,239.65,0,0
2008-06-25,199.78,0,0
2008-06-26,221.3,0,0
2008-06-27,274.55,0,0
2008-06-28,312.84,0,0
2008-06-29,233.94,0,0
2008-06-30,258.95,0,0
2008-07-01,215.42,0,0
2008-07-02,283.7,0,0
2008-07-03,235.62,0,0
2008-07-04,319.21,1,0
2008-07-05,315.51,0,0
2008-07-06,266.62,0,0
2008-07-07,293.55,0,0
2008-07-08,240.28,0,0
2008-07-09,243.69,0,0
2008-07-10,276.96,0,0
2008-07-11,250.77,0,0
2008-07-12,266.81,0,0
2008-07-13,305.96,0,0
2008-07-14,221.41,0,0
2008-07-15,214.96,0,0
2008-07-16,265.16,0,0
2008-07-17,270.95,0,0
2008-07-18,235.58,0,0
2008-07-19,283.6,0,0
2008-07-20,252.74,0,0
2008-07-21,297.24,0,0
2008-07-22,265.49,0,0
2008-07-23,237.06,0,0
2008-07-24,277.85,0,0
2008-07-25,236.83,0,0
2008-07-26,287.32,0,0
2008-07-27,289.39,0,0
2008-07-28,267.91,0,0
2008-07-29,240.04,0,0
2008-07-30,253.08,0,0
2008-07-31,260.37,0,0
2008-08-01,268.93,0,0
2008-08-02,299.13,0,0
2008-08-03,274.34,0,0
2008-08-04,256.08,0,0
2008-08-05,257.41,0,0
2008-08-06,255.84,0,0
2008-08-07,233.07,0,0
2008-08-08,252.9,0,0
2008-08-09,335.0,0,0
2008-08-10,340.12,0,0
2008-08-11,257.55,0,0
2008-08-12,229.18,0,0
2008-08-13,258.0,0,0
2008-08-14,222.6,0,0
2008-08-15,308.89,0,0
2008-08-16,324.48,0,0
2008-08-17,261.69,0,0
2008-08-18,247.23,0,0
2008-08-19,223.14,0,0
2008-08-20,287.82,0,0
2008-08-21,257.48,0,0
2008-08-22,282.33,0,0
2008-08-23,334.46,0,0
2008-08-24,264.14,0,0
2008-08-25,264.53,0,0
2008-08-26,250.96,0,0
2008-08-27,198.56,0,0
2008-08-28,262.51,0,0
2008-08-29,270.83,0,0
2008-08-30,309.51,0,0
2008-08-31,278.09,0,0
2008-09-01,254.98,0,0
2008-09-02,266.02,0,0
2008-09-03,198.66,0,0
2008-09-04,241.52,0,0
2008-09-05,286.46,0,0
2008-09-06,315.18,0,0
2008-09-07,281.19,0,0
2008-09-08,313.05,0,0
2008-09-09,250.5,0,0
2008-09-10,266.89,0,0
2008-09-11,243.48,0,0
2008-09-12,245.14,0,0
2008-09-13,292.16,0,0
2008-09-14,306.1,0,0
2008-09-15,256.92,0,0
2008-09-16,237.8,0,0
2008-09-17,233.78,0,0
2008-09-18,241.62,0,0
2008-09-19,256.49,0,0
2008-09-20,315.6,0,0
2008-09-21,303.46,0,0
2008-09-22,203.63,0,0
2008-09-23,243.11,0,0
2008-09-24,213.74,0,0
2008-09-25,258.02,0,0
2008-09-26,255.63,0,0
2008-09-27,346.94,0,0
2008-09-28,254.1,0,0
2008-09-29,233.37,0,0
2008-09-30,243.44,0,0
2008-10-01,204.0,0,0
2008-10-02,234.41,0,0
2008-10-03,239.03,0,0
2008-10-04,272.04,0,0
2008-10-05,261.5,0,0
2008-10-06,252.7,0,0
2008-10-07,212.43,0,0
2008-10-08,239.98,0,0
2008-10-09,234.51,0,0
2008-10-10,208.25,0,0
2008-10-11,293.04,0,0
2008-10-12,219.63,0,0
2008-10-13,243.3,0,0
2008-10-14,215.0,0,0
2008-10-15,215.09,0,0
2008-10-16,195.57,0,0
2008-10-17,245.52,0,0
2008-10-18,298.31,0,0
2008-10-19,234.66,0,0
2008-10-20,206.56,0,0
2008-10-21,215.36,0,0
2008-10-22,286.67,0,1
2008-10-23,159.75,0,0
2008-10-24,295.56,0,0
2008-10-25,293.16,0,0
2008-10-26,273.58,0,0
2008-10-27,214.43,0,0
2008-10-28,164.1,0,0
2008-10-29,229.61,0,0
2008-10-30,210.89,0,0
2008-10-31,253.53,0,0
2008-11-01,258.7,0,0
2008-11-02,254.41,0,0
2008-11-03,187.86,0,0
2008-11-04,221.09,0,0
2008-11-05,185.3,0,0
2008-11-06,275.25,0,0
2008-11-07,289.81,0,0
2008-11-08,314.28,0,0
2008-11-09,278.27,0,0
2008-11-10,205.11,0,0
2008-11-11,220.75,0,0
2008-11-12,209.84,0,0
2008-11-13,180.37,0,0
2008-11-14,274.03,0,0
2008-11-15,297.32,0,0
2008-11-16,229.62,0,0
2008-11-17,170.06,0,0
2008-11-18,169.94,0,0
2008-11-19,165.05,0,0
2008-11-20,233.56,0,0
2008-11-21,184.03,0,0
2008-11-22,251.47,0,0
2008-11-23,210.14,0,0
2008-11-24,169.45,0,0
2008-11-25,202.02,0,0
2008-11-26,190.83,0,0
2008-11-27,304.83,1,0
2008-11-28,187.4,0,0
2008-11-29,230.37,0,0
2008-11-30,171.01,0,0
2008-12-01,143.02,0,0
2008-12-02,233.77,0,0
2008-12-03,243.32,0,0
2008-12-04,205.03,0,0
2008-12-05,196.4,0,0
2008-12-06,240.75,0,0
2008-12-07,236.79,0,0
2008-12-08,233.24,0,1
2008-12-09,188.46,0,0
2008-12-10,194.77,0,0
2008-12-11,185.41,0,0
2008-12-12,192.31,0,0
2008-12-13,241.39,0,0
2008-12-14,201.22,0,0
2008-12-15,197.68,0,0
2008-12-16,170.34,0,0
2008-12-17,185.97,0,0
2008-12-18,226.76,0,0
2008-12-19,212.34,0,0
2008-12-20,245.45,0,0
2008-12-21,187.75,0,0
2008-12-22,177.89,0,0
2008-12-23,183.73,0,0
2008-12-24,298.52,1,0
2008-12-25,202.57,1,0
2008-12-26,203.4,0,0
2008-12-27,261.06,0,0
2008-12-28,191.12,0,0
2008-12-29,185.77,0,0
2008-12-30,176.79,0,0
2008-12-31,252.39,1,0
2009-01-01,297.37,1,0
2009-01-02,207.46,0,0
2009-01-03,270.02,0,0
2009-01-04,198.19,0,0
2009-01-05,161.77,0,0
2009-01-06,170.98,0,0
2009-01-07,153.13,0,0
2009-01-08,197.35,0,0
2009-01-09,192.78,0,0
2009-01-10,209.64,0,0
2009-01-11,220.52,0,0
2009-01-12,154.62,0,0
2009-01-13,193.08,0,0
2009-01-14,168.73,0,0
2009-01-15,207.41,0,0
2009-01-16,198.1,0,0
2009-01-17,238.81,0,0
2009-01-18,218.14,0,0
2009-01-19,200.9,0,0
2009-01-20,182.82,0,0
2009-01-21,148.88,0,0
2009-01-22,206.09,0,0
2009-01-23,196.47,0,0
2009-01-24,241.44,0,0
2009-01-25,213.07,0,0
2009-01-26,168.02,0,0
2009-01-27,157.75,0,0
2009-01-28,194.78,0,0
2009-01-29,178.66,0,0
2009-01-30,222.5,0,0
2009-01-31,212.1,0,0
2009-02-01,225.89,0,0
2009-02-02,223.03,0,1
2009-02-03,179.2,0,0
2009-02-04,167.03,0,0
2009-02-05,186.15,0,0
2009-02-06,227.14,0,0
2009-02-07,220.68,0,0
2009-02-08,214.16,0,0
2009-02-09,194.38,0,0
2009-02-10,177.4,0,0
2009-02-11,207.7,0,0
2009-02-12,208.33,0,0
2009-02-13,201.41,0,0
2009-02-14,310.87,1,0
2009-02-15,200.81,0,0
2009-02-16,178.2,0,0
2009-02-17,191.82,0,0
2009-02-18,195.36,0,0
2009-02-19,206.24,0,0
2009-02-20,182.75,0,0
2009-02-21,258.17,0,0
2009-02-22,217.09,0,0
2009-02-23,162.59,0,0
2009-02-24,204.6,0,0
2009-02-25,199.58,0,0
2009-02-26,195.25,0,0
2009-02-27,226.1,0,0
2009-02-28,254.4,0,0
2009-03-01,247.86,0,0
2009-03-02,209.67,0,0
2009-03-03,152.42,0,0
2009-03-04,222.38,0,0
2009-03-05,213.65,0,0
2009-03-06,190.34,0,0
2009-03-07,210.43,0,0
2009-03-08,232.0,0,0
2009-03-09,186.34,0,0
2009-03-10,188.12,0,0
2009-03-11,203.04,0,0
2009-03-12,173.3,0,0
2009-03-13,186.95,0,0
2009-03-14,248.26,0,0
2009-03-15,203.59,0,0
2009-03-16,194.89,0,0
2009-03-17,157.85,0,0
2009-03-18,194.8,0,0
2009-03-19,210.37,0,0
2009-03-20,230.78,0,0
2009-03-21,215.61,0,0
2009-03-22,194.4,0,0
2009-03-23,197.68,0,0
2009-03-24,200.98,0,0
2009-03-25,203.64,0,0
2009-03-26,194.03,0,0
2009-03-27,223.75,0,0
2009-03-28,292.09,0,0
2009-03-29,234.49,0,0
2009-03-30,163.51,0,0
2009-03-31,249.95,0,1
2009-04-01,244.86,0,0
2009-04-02,181.83,0,0
2009-04-03,225.92,0,0
2009-04-04,248.12,0,0
2009-04-05,236.54,0,0
2009-04-06,203.18,0,0
2009-04-07,216.05,0,0
2009-04-08,196.8,0,0
2009-04-09,251.24,0,0
2009-04-10,214.43,0,0
2009-04-11,253.58,0,0
2009-04-12,218.99,0,0
2009-04-13,172.86,0,0
2009-04-14,197.81,0,0
2009-04-15,253.49,0,0
2009-04-16,235.47,0,0
2009-04-17,254.7,0,0
2009-04-18,249.58,0,0
2009-04-19,229.82,0,0
2009-04-20,229.74,0,0
2009-04-21,259.89,0,0
2009-04-22,245.35,0,0
2009-04-23,241.38,0,0
2009-04-24,241.02,0,0
2009-04-25,268.76,0,0
2009-04-26,232.79,0,0
2009-04-27,181.16,0,0
2009-04-28,186.97,0,0
2009-04-29,215.32,0,0
2009-04-30,211.81,0,0
2009-05-01,202.36,0,0
2009-05-02,277.04,0,0
2009-05-03,250.07,0,0
2009-05-04,194.15,0,0
2009-05-05,212.03,0,0
2009-05-06,212.88,0,0
2009-05-07,216.41,0,0
2009-05-08,272.16,0,0
2009-05-09,226.84,0,0
2009-05-10,206.68,0,0
2009-05-11,224.74,0,0
2009-05-12,215.79,0,0
2009-05-13,241.95,0,0
2009-05-14,218.93,0,0
2009-05-15,228.99,0,0
2009-05-16,298.15,0,0
2009-05-17,258.93,0,0
2009-05-18,279.7,0,0
2009-05-19,214.62,0,0
2009-05-20,234.89,0,0
2009-05-21,307.22,0,0
2009-05-22,255.59,0,0
2009-05-23,320.18,0,0
2009-05-24,291.14,0,0
2009-05-25,255.62,0,0
2009-05-26,232.42,0,0
2009-05-27,244.68,0,0
2009-05-28,245.77,0,0
2009-05-29,252.47,0,0
2009-05-30,299.93,0,0
2009-05-31,342.82,0,0
2009-06-01,269.55,0,0
2009-06-02,305.5,0,1
2009-06-03,261.78,0,0
2009-06-04,223.5,0,0
2009-06-05,258.94,0,0
2009-06-06,329.8,0,0
2009-06-07,333.06,0,0
2009-06-08,218.65,0,0
2009-06-09,223.46,0,0
2009-06-10,303.17,0,0
2009-06-11,264.75,0,0
2009-06-12,327.35,0,0
2009-06-13,312.86,0,0
2009-06-14,295.98,0,0
2009-06-15,229.51,0,0
2009-06-16,259.82,0,0
2009-06-17,281.5,0,0
2009-06-18,224.64,0,0
2009-06-19,257.7,0,0
2009-06-20,346.81,0,0
2009-06-21,287.77,0,0
2009-06-22,238.47,0,0
2009-06-23,267.5,0,0
2009-06-24,280.28,0,0
2009-06-25,250.31,0,0
2009-06-26,284.89,0,0
2009-06-27,275.16,0,0
2009-06-28,260.95,0,0
2009-06-29,258.13,0,0
2009-06-30,253.05,0,0
2009-07-01,231.53,0,0
2009-07-02,249.17,0,0
2009-07-03,250.78,0,0
2009-07-04,450.66,1,0
2009-07-05,230.17,0,0
2009-07-06,218.88,0,0
2009-07-07,190.96,0,0
2009-07-08,265.2,0,0
2009-07-09,212.24,0,0
2009-07-10,292.71,0,0
2009-07-11,384.52,0,0
2009-07-12,350.32,0,0
2009-07-13,211.04,0,0
2009-07-14,256.12,0,0
2009-07-15,231.51,0,0
2009-07-16,236.01,0,0
2009-07-17,288.93,0,0
2009-07-18,362.99,0,0
2009-07-19,325.19,0,0
2009-07-20,229.72,0,0
2009-07-21,277.42,0,0
2009-07-22,193.47,0,0
2009-07-23,245.86,0,0
2009-07-24,251.12,0,0
2009-07-25,323.87,0,0
2009-07-26,301.28,0,0
2009-07-27,254.04,0,0
2009-07-28,250.78,0,0
2009-07-29,258.39,0,0
2009-07-30,289.85,0,0
2009-07-31,293.48,0,0
2009-08-01,308.66,0,0
2009-08-02,315.12,0,0
2009-08-03,292.05,0,0
2009-08-04,239.21,0,0
2009-08-05,255.33,0,0
2009-08-06,314.11,0,0
2009-08-07,258.53,0,0
2009-08-08,391.39,0,0
2009-08-09,258.38,0,0
2009-08-10,253.78,0,0
2009-08-11,229.2,0,0
2009-08-12,308.01,0,0
2009-08-13,255.02,0,0
2009-08-14,270.25,0,0
2009-08-15,306.56,0,0
2009-08-16,302.36,0,0
2009-08-17,241.94,0,0
2009-08-18,238.04,0,0
2009-08-19,162.85,0,0
2009-08-20,270.68,0,0
2009-08-21,274.0,0,0
2009-08-22,354.33,0,0
2009-08-23,345.99,0,0
2009-08-24,250.91,0,0
2009-08-25,277.86,0,0
2009-08-26,228.84,0,0
2009-08-27,280.55,0,0
2009-08-28,265.01,0,0
2009-08-29,274.61,0,0
2009-08-30,283.41,0,0
2009-08-31,287.8,0,0
2009-09-01,248.19,0,0
2009-09-02,290.69,0,0
2009-09-03,302.8,0,1
2009-09-04,318.75,0,0
2009-09-05,295.43,0,0
2009-09-06,304.71,0,0
2009-09-07,257.97,0,0
2009-09-08,265.73,0,0
2009-09-09,255.98,0,0
2009-09-10,236.7,0,0
2009-09-11,314.6,0,0
2009-09-12,452.78,0,1
2009-09-13,262.43,0,0
2009-09-14,201.77,0,0
2009-09-15,254.04,0,0
2009-09-16,230.71,0,0
2009-09-17,247.95,0,0
2009-09-18,286.96,0,0
2009-09-19,297.19,0,0
2009-09-20,284.33,0,0
2009-09-21,252.64,0,0
2009-09-22,269.56,0,0
2009-09-23,237.55,0,0
2009-09-24,211.8,0,0
2009-09-25,241.76,0,0
2009-09-26,310.6,0,0
2009-09-27,247.94,0,0
2009-09-28,202.87,0,0
2009-09-29,251.54,0,0
2009-09-30,252.41,0,0
2009-10-01,242.05,0,0
2009-10-02,274.5,0,0
2009-10-03,299.34,0,0
2009-10-04,299.53,0,0
2009-10-05,253.53,0,0
2009-10-06,166.34,0,0
2009-10-07,229.18,0,0
2009-10-08,263.94,0,0
2009-10-09,251.64,0,0
2009-10-10,290.89,0,0
2009-10-11,297.71,0,0
2009-10-12,239.49,0,0
2009-10-13,267.9,0,0
2009-10-14,265.88,0,0
2009-10-15,234.97,0,0
2009-10-16,255.47,0,0
2009-10-17,189.69,0,0
2009-10-18,258.35,0,0
2009-10-19,195.54,0,0
2009-10-20,236.13,0,0
2009-10-21,230.74,0,0
2009-10-22,257.9,0,0
2009-10-23,283.02,0,0
2009-10-24,280.93,0,0
2009-10-25,325.44,0,0
2009-10-26,245.18,0,0
2009-10-27,184.29,0,0
2009-10-28,209.92,0,0
2009-10-29,223.33,0,0
2009-10-30,256.33,0,0
2009-10-31,246.45,0,0
2009-11-01,252.03,0,0
2009-11-02,219.09,0,0
2009-11-03,192.87,0,0
2009-11-04,235.73,0,0
2009-11-05,248.86,0,0
2009-11-06,277.42,0,0
2009-11-07,268.78,0,0
2009-11-08,282.0,0,0
2009-11-09,191.9,0,0
2009-11-10,178.34,0,0
2009-11-11,194.01,0,0
2009-11-12,223.47,0,0
2009-11-13,259.8,0,0
2009-11-14,253.81,0,0
2009-11-15,233.2,0,0
2009-11-16,207.0,0,0
2009-11-17,212.39,0,0
2009-11-18,207.59,0,0
2009-11-19,203.44,0,0
2009-11-20,207.14,0,0
2009-11-21,243.46,0,0
2009-11-22,270.58,0,0
2009-11-23,218.56,0,0
2009-11-24,185.82,0,0
2009-11-25,234.3,0,0
2009-11-26,194.51,0,0
2009-11-27,355.88,1,0
2009-11-28,299.05,0,0
2009-11-29,234.1,0,0
2009-11-30,169.33,0,0
2009-12-01,246.96,0,0
2009-12-02,211.73,0,0
2009-12-03,210.74,0,0
2009-12-04,247.55,0,0
2009-12-05,268.68,0,0
2009-12-06,282.51,0,0
2009-12-07,185.47,0,0
2009-12-08,201.41,0,0
2009-12-09,171.5,0,0
2009-12-10,221.09,0,0
2009-12-11,221.4,0,0
2009-12-12,260.72,0,0
2009-12-13,229.37,0,0
2009-12-14,199.0,0,0
2009-12-15,179.25,0,0
2009-12-16,214.27,0,0
2009-12-17,239.41,0,0
2009-12-18,210.39,0,0
2009-12-19,254.06,0,0
2009-12-20,250.99,0,0
2009-12-21,193.85,0,0
2009-12-22,156.07,0,0
2009-12-23,159.68,0,0
2009-12-24,242.5,1,0
2009-12-25,227.13,1,0
2009-12-26,290.28,0,0
2009-12-27,231.02,0,0
2009-12-28,194.89,0,0
2009-12-29,143.33,0,0
2009-12-30,157.8,0,0
2009-12-31,279.65,1,0
2010-01-01,357.29,1,0
2010-01-02,219.35,0,0
2010-01-03,246.17,0,0
2010-01-04,184.83,0,0
2010-01-05,186.55,0,0
2010-01-06,209.15,0,0
2010-01-07,185.66,0,0
2010-01-08,200.73,0,0
2010-01-09,280.09,0,0
2010-01-10,220.67,0,0
2010-01-11,214.5,0,0
2010-01-12,176.27,0,0
2010-01-13,208.59,0,0
2010-01-14,199.53,0,0
2010-01-15,229.83,0,0
2010-01-16,240.42,0,0
2010-01-17,201.57,0,0
2010-01-18,189.94,0,0
2010-01-19,179.5,0,0
2010-01-20,194.26,0,0
2010-01-21,191.65,0,0
2010-01-22,172.73,0,0
2010-01-23,183.22,0,0
2010-01-24,177.69,0,0
2010-01-25,201.14,0,0
2010-01-26,159.7,0,0
2010-01-27,191.41,0,0
2010-01-28,192.76,0,0
2010-01-29,200.13,0,0
2010-01-30,242.66,0,0
2010-01-31,227.03,0,0
2010-02-01,133.91,0,0
2010-02-02,176.34,0,0
2010-02-03,190.83,0,0
2010-02-04,228.7,0,0
2010-02-05,251.92,0,0
2010-02-06,202.67,0,0
2010-02-07,208.79,0,0
2010-02-08,144.05,0,0
2010-02-09,211.33,0,0
2010-02-10,206.65,0,0
2010-02-11,199.31,0,0
2010-02-12,212.27,0,0
2010-02-13,276.83,0,0
2010-02-14,337.85,1,0
2010-02-15,220.32,0,0
2010-02-16,186.98,0,0
2010-02-17,180.67,0,0
2010-02-18,204.77,0,0
2010-02-19,229.1,0,0
2010-02-20,228.54,0,0
2010-02-21,220.7,0,0
2010-02-22,218.88,0,0
2010-02-23,226.29,0,0
2010-02-24,173.43,0,0
2010-02-25,188.93,0,0
2010-02-26,217.47,0,0
2010-02-27,255.66,0,0
2010-02-28,221.54,0,0
2010-03-01,237.53,0,0
2010-03-02,196.16,0,0
2010-03-03,204.11,0,0
2010-03-04,241.36,0,0
2010-03-05,216.65,0,0
2010-03-06,248.43,0,0
2010-03-07,198.33,0,0
2010-03-08,194.59,0,0
2010-03-09,162.01,0,0
2010-03-10,215.2,0,0
2010-03-11,212.81,0,0
2010-03-12,209.61,0,0
2010-03-13,250.85,0,0
2010-03-14,251.69,0,0
2010-03-15,180.6,0,0
2010-03-16,207.7,0,0
2010-03-17,217.79,0,0
2010-03-18,169.69,0,0
2010-03-19,257.22,0,0
2010-03-20,207.23,0,0
2010-03-21,227.69,0,0
2010-03-22,176.95,0,0
2010-03-23,237.61,0,0
2010-03-24,171.08,0,0
2010-03-25,170.31,0,0
2010-03-26,237.36,0,0
2010-03-27,244.4,0,0
2010-03-28,200.29,0,0
2010-03-29,225.86,0,0
2010-03-30,154.49,0,0
2010-03-31,176.42,0,0
2010-04-01,196.18,0,0
2010-04-02,256.46,0,0
2010-04-03,301.31,0,0
2010-04-04,271.81,0,0
2010-04-05,203.26,0,0
2010-04-06,150.03,0,0
2010-04-07,226.31,0,0
2010-04-08,252.9,0,0
2010-04-09,266.75,0,0
2010-04-10,275.72,0,0
2010-04-11,215.97,0,0
2010-04-12,206.21,0,0
2010-04-13,266.27,0,0
2010-04-14,183.49,0,0
2010-04-15,197.14,0,0
2010-04-16,272.29,0,0
2010-04-17,264.19,0,0
2010-04-18,219.75,0,0
2010-04-19,270.44,0,0
2010-04-20,226.11,0,0
2010-04-21,212.57,0,0
2010-04-22,204.42,0,0
2010-04-23,305.54,0,0
2010-04-24,286.38,0,0
2010-04-25,298.56,0,0
2010-04-26,252.55,0,0
2010-04-27,208.11,0,0
2010-04-28,217.54,0,0
2010-04-29,272.04,0,0
2010-04-30,292.19,0,0
2010-05-01,230.14,0,0
2010-05-02,284.76,0,0
2010-05-03,223.95,0,0
2010-05-04,205.7,0,0
2010-05-05,240.32,0,0
2010-05-06,204.45,0,0
2010-05-07,242.85,0,0
2010-05-08,267.52,0,0
2010-05-09,260.65,0,0
2010-05-10,226.03,0,0
2010-05-11,205.34,0,0
2010-05-12,278.57,0,0
2010-05-13,246.92,0,0
2010-05-14,316.64,0,0
2010-05-15,368.29,0,1
2010-05-16,263.84,0,0
2010-05-17,291.01,0,0
2010-05-18,217.04,0,0
2010-05-19,229.35,0,0
2010-05-20,260.89,0,0
2010-05-21,237.54,0,0
2010-05-22,329.91,0,0
2010-05-23,306.91,0,0
2010-05-24,275.54,0,0
2010-05-25,265.14,0,0
2010-05-26,270.94,0,0
2010-05-27,247.17,0,0
2010-05-28,248.15,0,0
2010-05-29,382.9,0,0
2010-05-30,247.94,0,0
2010-05-31,208.92,0,0
2010-06-01,252.63,0,0
2010-06-02,287.46,0,0
2010-06-03,260.85,0,0
2010-06-04,319.68,0,0
2010-06-05,248.17,0,0
2010-06-06,282.03,0,0
2010-06-07,199.82,0,0
2010-06-08,266.82,0,0
2010-06-09,212.28,0,0
2010-06-10,223.38,0,0
2010-06-11,296.71,0,0
2010-06-12,351.54,0,0
2010-06-13,289.4,0,0
2010-06-14,273.21,0,0
2010-06-15,259.85,0,0
2010-06-16,250.5,0,0
2010-06-17,235.8,0,0
2010-06-18,302.89,0,0
2010-06-19,339.57,0,0
2010-06-20,330.78,0,0
2010-06-21,266.53,0,0
2010-06-22,220.13,0,0
2010-06-23,283.33,0,0
2010-06-24,263.34,0,0
2010-06-25,284.86,0,0
2010-06-26,314.76,0,0
2010-06-27,283.02,0,0
2010-06-28,284.91,0,0
2010-06-29,220.94,0,0
2010-06-30,231.77,0,0
2010-07-01,260.55,0,0
2010-07-02,341.2,0,0
2010-07-03,457.31,0,1
2010-07-04,341.59,1,0
2010-07-05,305.64,0,0
2010-07-06,295.23,0,0
2010-07-07,225.59,0,0
2010-07-08,194.6,0,0
2010-07-09,289.87,0,0
2010-07-10,374.51,0,0
2010-07-11,366.55,0,0
2010-07-12,245.6,0,0
2010-07-13,308.9,0,0
2010-07-14,201.85,0,0
2010-07-15,264.29,0,0
2010-07-16,273.96,0,0
2010-07-17,374.33,0,0
2010-07-18,353.29,0,0
2010-07-19,291.56,0,0
2010-07-20,218.73,0,0
2010-07-21,291.94,0,0
2010-07-22,287.35,0,0
2010-07-23,239.19,0,0
2010-07-24,266.09,0,0
2010-07-25,339.41,0,0
2010-07-26,263.13,0,0
2010-07-27,218.22,0,0
2010-07-28,256.81,0,0
2010-07-29,288.22,0,0
2010-07-30,290.32,0,0
2010-07-31,280.6,0,0
2010-08-01,383.73,0,0
2010-08-02,303.64,0,0
2010-08-03,256.61,0,0
2010-08-04,251.22,0,0
2010-08-05,287.89,0,0
2010-08-06,263.24,0,0
2010-08-07,350.98,0,0
2010-08-08,275.08,0,0
2010-08-09,272.62,0,0
2010-08-10,231.73,0,0
2010-08-11,246.76,0,0
2010-08-12,328.3,0,0
2010-08-13,297.76,0,0
2010-08-14,342.41,0,0
2010-08-15,237.7,0,0
2010-08-16,251.24,0,0
2010-08-17,264.45,0,0
2010-08-18,268.4,0,0
2010-08-19,210.39,0,0
2010-08-20,307.51,0,0
2010-08-21,351.37,0,0
2010-08-22,348.53,0,0
2010-08-23,258.3,0,0
2010-08-24,195.5,0,0
2010-08-25,236.15,0,0
2010-08-26,233.6,0,0
2010-08-27,314.93,0,0
2010-08-28,236.82,0,0
2010-08-29,293.23,0,0
2010-08-30,307.47,0,0
2010-08-31,257.98,0,0
2010-09-01,280.51,0,0
2010-09-02,222.98,0,0
2010-09-03,247.44,0,0
2010-09-04,384.75,0,0
2010-09-05,307.69,0,0
2010-09-06,273.78,0,0
2010-09-07,216.74,0,0
2010-09-08,257.48,0,0
2010-09-09,245.37,0,0
2010-09-10,329.57,0,0
2010-09-11,420.07,0,0
2010-09-12,317.56,0,0
2010-09-13,237.99,0,0
2010-09-14,182.83,0,0
2010-09-15,210.04,0,0
2010-09-16,312.83,0,0
2010-09-17,247.49,0,0
2010-09-18,308.67,0,0
2010-09-19,317.0,0,0
2010-09-20,294.0,0,0
2010-09-21,249.31,0,0
2010-09-22,252.92,0,0
2010-09-23,275.41,0,0
2010-09-24,265.68,0,0
2010-09-25,294.87,0,0
2010-09-26,307.1,0,0
2010-09-27,260.69,0,0
2010-09-28,300.31,0,0
2010-09-29,268.42,0,0
2010-09-30,282.56,0,0
2010-10-01,243.58,0,0
2010-10-02,333.51,0,0
2010-10-03,262.47,0,0
2010-10-04,259.33,0,0
2010-10-05,262.48,0,0
2010-10-06,254.86,0,0
2010-10-07,317.05,0,0
2010-10-08,309.52,0,0
2010-10-09,341.51,0,0
2010-10-10,301.36,0,0
2010-10-11,285.92,0,0
2010-10-12,194.91,0,0
2010-10-13,284.46,0,0
2010-10-14,222.53,0,0
2010-10-15,252.28,0,0
2010-10-16,315.16,0,0
2010-10-17,321.37,0,0
2010-10-18,220.12,0,0
2010-10-19,215.57,0,0
2010-10-20,248.79,0,0
2010-10-21,243.84,0,0
2010-10-22,288.94,0,0
2010-10-23,409.83,0,0
2010-10-24,289.82,0,0
2010-10-25,227.14,0,0
2010-10-26,198.89,0,0
2010-10-27,227.65,0,0
2010-10-28,215.38,0,0
2010-10-29,276.73,0,0
2010-10-30,300.18,0,0
2010-10-31,256.88,0,0
2010-11-01,297.84,0,0
2010-11-02,193.98,0,0
2010-11-03,227.1,0,0
2010-11-04,256.13,0,0
2010-11-05,278.17,0,0
2010-11-06,324.1,0,0
2010-11-07,277.97,0,0
2010-11-08,253.38,0,0
2010-11-09,205.43,0,0
2010-11-10,244.88,0,0
2010-11-11,266.91,0,0
2010-11-12,289.83,0,0
2010-11-13,231.21,0,0
2010-11-14,230.74,0,0
2010-11-15,248.91,0,0
2010-11-16,156.89,0,0
2010-11-17,234.45,0,0
2010-11-18,250.77,0,0
2010-11-19,225.62,0,0
2010-11-20,269.94,0,0
2010-11-21,221.24,0,0
2010-11-22,210.42,0,0
2010-11-23,196.1,0,0
2010-11-24,205.17,0,0
2010-11-25,203.31,0,0
2010-11-26,228.47,0,0
2010-11-27,348.98,1,0
2010-11-28,299.52,0,0
2010-11-29,208.56,0,0
2010-11-30,216.8,0,0
2010-12-01,193.6,0,0
2010-12-02,206.59,0,0
2010-12-03,186.26,0,0
2010-12-04,222.32,0,0
2010-12-05,217.77,0,0
2010-12-06,216.42,0,0
2010-12-07,230.7,0,0
2010-12-08,176.72,0,0
2010-12-09,203.51,0,0
2010-12-10,192.77,0,0
2010-12-11,255.96,0,0
2010-12-12,265.46,0,0
2010-12-13,197.6,0,0
2010-12-14,197.84,0,0
2010-12-15,235.29,0,0
2010-12-16,223.7,0,0
2010-12-17,214.35,0,0
2010-12-18,266.85,0,0
2010-12-19,221.83,0,0
2010-12-20,217.18,0,0
2010-12-21,209.09,0,0
2010-12-22,160.72,0,0
2010-12-23,217.21,0,0
2010-12-24,289.76,1,0
2010-12-25,353.17,1,0
2010-12-26,256.73,0,0
2010-12-27,215.45,0,0
2010-12-28,187.89,0,0
2010-12-29,228.95,0,0
2010-12-30,191.15,0,0
2010-12-31,256.64,1,0
2011-01-01,226.52,1,0
2011-01-02,239.51,0,0
2011-01-03,185.75,0,0
2011-01-04,199.42,0,0
2011-01-05,152.92,0,0
2011-01-06,185.02,0,0
2011-01-07,232.77,0,0
2011-01-08,215.26,0,0
2011-01-09,240.37,0,0
2011-01-10,188.88,0,0
2011-01-11,182.72,0,0
2011-01-12,203.97,0,0
2011-01-13,224.61,0,0
2011-01-14,222.09,0,0
2011-01-15,222.59,0,0
2011-01-16,217.34,0,0
2011-01-17,209.17,0,0
2011-01-18,163.53,0,0
2011-01-19,189.96,0,0
2011-01-20,195.0,0,0
2011-01-21,215.25,0,0
2011-01-22,219.58,0,0
2011-01-23,184.93,0,0
2011-01-24,213.03,0,0
2011-01-25,209.17,0,0
2011-01-26,149.59,0,0
2011-01-27,219.13,0,0
2011-01-28,247.11,0,0
2011-01-29,257.59,0,0
2011-01-30,220.43,0,0
2011-01-31,183.06,0,0
2011-02-01,202.45,0,0
2011-02-02,202.93,0,0
2011-02-03,212.21,0,0
2011-02-04,209.08,0,0
2011-02-05,217.2,0,0
2011-02-06,239.19,0,0
2011-02-07,210.91,0,0
2011-02-08,254.3,0,1
2011-02-09,200.72,0,0
2011-02-10,238.9,0,0
2011-02-11,199.01,0,0
2011-02-12,291.17,0,0
2011-02-13,215.27,0,0
2011-02-14,305.21,1,0
2011-02-15,218.5,0,0
2011-02-16,193.28,0,0
2011-02-17,239.9,0,0
2011-02-18,235.45,0,0
2011-02-19,219.88,0,0
2011-02-20,221.83,0,0
2011-02-21,223.61,0,0
2011-02-22,199.16,0,0
2011-02-23,175.1,0,0
2011-02-24,201.26,0,0
2011-02-25,228.19,0,0
2011-02-26,238.3,0,0
2011-02-27,305.62,0,0
2011-02-28,210.63,0,0
2011-03-01,198.09,0,0
2011-03-02,231.41,0,0
2011-03-03,207.28,0,0
2011-03-04,254.35,0,0
2011-03-05,210.05,0,0
2011-03-06,230.3,0,0
2011-03-07,218.21,0,0
2011-03-08,245.45,0,0
2011-03-09,195.67,0,0
2011-03-10,194.46,0,0
2011-03-11,237.45,0,0
2011-03-12,247.49,0,0
2011-03-13,231.54,0,0
2011-03-14,232.49,0,0
2011-03-15,184.86,0,0
2011-03-16,174.44,0,0
2011-03-17,179.36,0,0
2011-03-18,234.44,0,0
2011-03-19,198.81,0,0
2011-03-20,237.9,0,0
2011-03-21,178.35,0,0
2011-03-22,249.9,0,0
2011-03-23,260.27,0,0
2011-03-24,201.41,0,0
2011-03-25,239.53,0,0
2011-03-26,238.35,0,0
2011-03-27,240.72,0,0
2011-03-28,262.48,0,0
2011-03-29,201.7,0,0
2011-03-30,212.64,0,0
2011-03-31,203.56,0,0
2011-04-01,276.25,0,0
2011-04-02,170.6,0,0
2011-04-03,244.83,0,0
2011-04-04,228.04,0,0
2011-04-05,190.71,0,0
2011-04-06,243.35,0,0
2011-04-07,263.81,0,0
2011-04-08,216.06,0,0
2011-04-09,346.29,0,0
2011-04-10,220.11,0,0
2011-04-11,259.63,0,0
2011-04-12,218.95,0,0
2011-04-13,210.04,0,0
2011-04-14,217.39,0,0
2011-04-15,258.62,0,0
2011-04-16,292.91,0,0
2011-04-17,234.18,0,0
2011-04-18,225.52,0,0
2011-04-19,210.32,0,0
2011-04-20,203.34,0,0
2011-04-21,213.25,0,0
2011-04-22,209.05,0,0
2011-04-23,347.66,0,1
2011-04-24,279.53,0,0
2011-04-25,241.01,0,0
2011-04-26,282.29,0,0
2011-04-27,182.41,0,0
2011-04-28,265.63,0,0
2011-04-29,268.86,0,0
2011-04-30,331.12,0,0
2011-05-01,305.25,0,0
2011-05-02,242.51,0,0
2011-05-03,236.84,0,0
2011-05-04,212.39,0,0
2011-05-05,278.42,0,0
2011-05-06,212.72,0,0
2011-05-07,333.65,0,0
2011-05-08,278.58,0,0
2011-05-09,235.99,0,0
2011-05-10,218.91,0,0
2011-05-11,296.4,0,1
2011-05-12,289.81,0,0
2011-05-13,372.32,0,0
2011-05-14,354.17,0,0
2011-05-15,264.11,0,0
2011-05-16,269.46,0,0
2011-05-17,265.72,0,0
2011-05-18,234.12,0,0
2011-05-19,226.43,0,0
2011-05-20,273.76,0,0
2011-05-21,334.67,0,0
2011-05-22,249.96,0,0
2011-05-23,237.02,0,0
2011-05-24,261.42,0,0
2011-05-25,245.06,0,0
2011-05-26,299.73,0,0
2011-05-27,242.1,0,0
2011-05-28,402.84,0,0
2011-05-29,237.63,0,0
2011-05-30,203.36,0,0
2011-05-31,302.84,0,1
2011-06-01,230.99,0,0
2011-06-02,267.59,0,0
2011-06-03,354.08,0,1
2011-06-04,321.72,0,0
2011-06-05,276.19,0,0
2011-06-06,280.85,0,0
2011-06-07,245.57,0,0
2011-06-08,292.36,0,0
2011-06-09,264.9,0,0
2011-06-10,262.07,0,0
2011-06-11,275.99,0,0
2011-06-12,298.48,0,0
2011-06-13,231.65,0,0
2011-06-14,214.93,0,0
2011-06-15,268.63,0,0
2011-06-16,222.57,0,0
2011-06-17,343.35,0,0
2011-06-18,338.06,0,0
2011-06-19,301.76,0,0
2011-06-20,239.74,0,0
2011-06-21,284.01,0,0
2011-06-22,262.33,0,0
2011-06-23,250.85,0,0
2011-06-24,304.33,0,0
2011-06-25,277.51,0,0
2011-06-26,259.75,0,0
2011-06-27,233.85,0,0
2011-06-28,274.34,0,0
2011-06-29,273.96,0,0
2011-06-30,308.08,0,0
2011-07-01,271.72,0,0
2011-07-02,367.94,0,0
2011-07-03,306.77,0,0
2011-07-04,337.54,1,0
2011-07-05,285.2,0,0
2011-07-06,268.83,0,0
2011-07-07,262.43,0,0
2011-07-08,310.94,0,0
2011-07-09,336.58,0,0
2011-07-10,302.31,0,0
2011-07-11,263.13,0,0
2011-07-12,231.6,0,0
2011-07-13,279.67,0,0
2011-07-14,255.97,0,0
2011-07-15,270.5,0,0
2011-07-16,340.14,0,0
2011-07-17,346.88,0,0
2011-07-18,275.63,0,0
2011-07-19,259.47,0,0
2011-07-20,256.65,0,0
2011-07-21,312.37,0,0
2011-07-22,219.44,0,0
2011-07-23,375.42,0,0
2011-07-24,258.48,0,0
2011-07-25,234.72,0,0
2011-07-26,248.63,0,0
2011-07-27,329.64,0,0
2011-07-28,348.22,0,0
2011-07-29,333.33,0,0
2011-07-30,365.76,0,0
2011-07-31,261.4,0,0
2011-08-01,286.68,0,0
2011-08-02,252.16,0,0
2011-08-03,253.61,0,0
2011-08-04,299.74,0,0
2011-08-05,292.64,0,0
2011-08-06,388.93,0,0
2011-08-07,246.54,0,0
2011-08-08,272.96,0,0
2011-08-09,248.68,0,0
2011-08-10,259.1,0,0
2011-08-11,307.09,0,0
2011-08-12,276.52,0,0
2011-08-13,447.73,0,1
2011-08-14,318.92,0,0
2011-08-15,253.16,0,0
2011-08-16,246.82,0,0
2011-08-17,277.54,0,0
2011-08-18,254.58,0,0
2011-08-19,314.66,0,0
2011-08-20,337.03,0,0
2011-08-21,298.7,0,0
2011-08-22,327.31,0,0
2011-08-23,282.31,0,0
2011-08-24,260.82,0,0
2011-08-25,296.42,0,0
2011-08-26,277.31,0,0
2011-08-27,326.52,0,0
2011-08-28,304.45,0,0
2011-08-29,243.76,0,0
2011-08-30,267.18,0,0
2011-08-31,258.57,0,0
2011-09-01,275.32,0,0
2011-09-02,279.44,0,0
2011-09-03,454.94,0,0
2011-09-04,292.96,0,0
2011-09-05,207.9,0,0
2011-09-06,222.12,0,0
2011-09-07,286.13,0,0
2011-09-08,325.67,0,0
2011-09-09,267.34,0,0
2011-09-10,385.09,0,0
2011-09-11,423.49,0,1
2011-09-12,261.65,0,0
2011-09-13,255.51,0,0
2011-09-14,271.19,0,0
2011-09-15,309.2,0,0
2011-09-16,312.23,0,0
2011-09-17,310.12,0,0
2011-09-18,305.07,0,0
2011-09-19,322.66,0,0
2011-09-20,263.59,0,0
2011-09-21,289.51,0,0
2011-09-22,289.19,0,0
2011-09-23,307.17,0,0
2011-09-24,332.83,0,0
2011-09-25,337.62,0,0
2011-09-26,277.2,0,0
2011-09-27,266.68,0,0
2011-09-28,236.87,0,0
2011-09-29,276.32,0,0
2011-09-30,294.87,0,0
2011-10-01,316.36,0,0
2011-10-02,394.91,0,0
2011-10-03,217.94,0,0
2011-10-04,276.86,0,0
2011-10-05,230.1,0,0
2011-10-06,273.8,0,0
2011-10-07,370.47,0,0
2011-10-08,284.83,0,0
2011-10-09,283.38,0,0
2011-10-10,254.12,0,0
2011-10-11,216.97,0,0
2011-10-12,267.61,0,0
2011-10-13,237.99,0,0
2011-10-14,297.93,0,0
2011-10-15,266.73,0,0
2011-10-16,237.21,0,0
2011-10-17,244.91,0,0
2011-10-18,205.17,0,0
2011-10-19,289.09,0,0
2011-10-20,214.17,0,0
2011-10-21,240.84,0,0
2011-10-22,329.56,0,0
2011-10-23,260.63,0,0
2011-10-24,207.3,0,0
2011-10-25,291.29,0,0
2011-10-26,220.33,0,0
2011-10-27,247.36,0,0
2011-10-28,264.12,0,0
2011-10-29,325.32,0,0
2011-10-30,303.0,0,0
2011-10-31,220.61,0,0
2011-11-01,235.84,0,0
2011-11-02,234.27,0,0
2011-11-03,268.96,0,0
2011-11-04,230.6,0,0
2011-11-05,366.39,0,0
2011-11-06,250.58,0,0
2011-11-07,238.78,0,0
2011-11-08,200.83,0,0
2011-11-09,202.68,0,0
2011-11-10,222.18,0,0
2011-11-11,234.81,0,0
2011-11-12,279.3,0,0
2011-11-13,310.81,0,1
2011-11-14,253.99,0,0
2011-11-15,219.56,0,0
2011-11-16,207.92,0,0
2011-11-17,233.94,0,0
2011-11-18,280.27,0,0
2011-11-19,300.68,0,0
2011-11-20,260.32,0,0
2011-11-21,195.86,0,0
2011-11-22,192.76,0,0
2011-11-23,196.68,0,0
2011-11-24,267.92,0,0
2011-11-25,262.18,0,0
2011-11-26,253.81,0,0
2011-11-27,339.62,1,0
2011-11-28,207.67,0,0
2011-11-29,190.47,0,0
2011-11-30,239.12,0,0
2011-12-01,219.52,0,0
2011-12-02,307.54,0,0
2011-12-03,318.07,0,0
2011-12-04,298.0,0,0
2011-12-05,247.8,0,0
2011-12-06,200.5,0,0
2011-12-07,236.24,0,0
2011-12-08,225.16,0,0
2011-12-09,283.74,0,0
2011-12-10,281.26,0,0
2011-12-11,259.7,0,0
2011-12-12,223.42,0,0
2011-12-13,244.8,0,0
2011-12-14,184.3,0,0
2011-12-15,262.57,0,0
2011-12-16,241.36,0,0
2011-12-17,229.93,0,0
2011-12-18,239.11,0,0
2011-12-19,179.89,0,0
2011-12-20,221.99,0,0
2011-12-21,184.38,0,0
2011-12-22,226.62,0,0
2011-12-23,266.1,0,0
2011-12-24,337.96,1,0
2011-12-25,319.18,1,0
2011-12-26,192.66,0,0
2011-12-27,203.63,0,0
2011-12-28,268.72,0,0
2011-12-29,246.55,0,0
2011-12-30,223.39,0,0
2011-12-31,331.86,1,0
2012-01-01,322.28,1,0
2012-01-02,223.22,0,0
2012-01-03,186.4,0,0
2012-01-04,213.16,0,0
2012-01-05,190.92,0,0
2012-01-06,214.2,0,0
2012-01-07,275.89,0,0
2012-01-08,212.02,0,0
2012-01-09,231.19,0,0
2012-01-10,201.61,0,0
2012-01-11,167.27,0,0
2012-01-12,226.2,0,0
2012-01-13,186.58,0,0
2012-01-14,274.82,0,0
2012-01-15,236.94,0,0
2012-01-16,254.25,0,0
2012-01-17,225.77,0,0
2012-01-18,186.76,0,0
2012-01-19,165.74,0,0
2012-01-20,211.19,0,0
2012-01-21,225.18,0,0
2012-01-22,290.11,0,0
2012-01-23,215.39,0,0
2012-01-24,223.45,0,0
2012-01-25,197.35,0,0
2012-01-26,212.43,0,0
2012-01-27,233.52,0,0
2012-01-28,292.93,0,0
2012-01-29,252.07,0,0
2012-01-30,175.88,0,0
2012-01-31,224.39,0,0
2012-02-01,205.16,0,0
2012-02-02,205.66,0,0
2012-02-03,158.02,0,0
2012-02-04,279.59,0,0
2012-02-05,253.03,0,0
2012-02-06,217.35,0,0
2012-02-07,197.42,0,0
2012-02-08,188.57,0,0
2012-02-09,202.43,0,0
2012-02-10,230.28,0,0
2012-02-11,280.59,0,0
2012-02-12,241.22,0,0
2012-02-13,236.8,0,0
2012-02-14,274.53,1,0
2012-02-15,194.96,0,0
2012-02-16,218.16,0,0
2012-02-17,193.14,0,0
2012-02-18,266.83,0,0
2012-02-19,197.35,0,0
2012-02-20,195.57,0,0
2012-02-21,152.35,0,0
2012-02-22,203.91,0,0
2012-02-23,247.05,0,0
2012-02-24,232.49,0,0
2012-02-25,282.01,0,0
2012-02-26,307.73,0,0
2012-02-27,217.48,0,0
2012-02-28,188.94,0,0
2012-02-29,193.83,0,0
2012-03-01,219.81,0,0
2012-03-02,229.95,0,0
2012-03-03,250.91,0,0
2012-03-04,278.41,0,0
2012-03-05,237.23,0,0
2012-03-06,167.09,0,0
2012-03-07,194.44,0,0
2012-03-08,224.45,0,0
2012-03-09,254.13,0,0
2012-03-10,305.75,0,0
2012-03-11,323.03,0,0
2012-03-12,193.32,0,0
2012-03-13,198.2,0,0
2012-03-14,242.86,0,0
2012-03-15,212.61,0,0
2012-03-16,247.8,0,0
2012-03-17,259.86,0,0
2012-03-18,170.47,0,0
2012-03-19,219.17,0,0
2012-03-20,212.88,0,0
2012-03-21,252.42,0,0
2012-03-22,230.43,0,0
2012-03-23,210.6,0,0
2012-03-24,275.49,0,0
2012-03-25,198.04,0,0
2012-03-26,197.0,0,0
2012-03-27,235.21,0,0
2012-03-28,216.31,0,0
2012-03-29,253.78,0,0
2012-03-30,195.18,0,0
2012-03-31,285.5,0,0
2012-04-01,256.85,0,0
2012-04-02,258.84,0,0
2012-04-03,235.51,0,0
2012-04-04,237.34,0,0
2012-04-05,284.71,0,0
2012-04-06,250.63,0,0
2012-04-07,332.16,0,0
2012-04-08,237.28,0,0
2012-04-09,198.82,0,0
2012-04-10,250.34,0,0
2012-04-11,200.17,0,0
2012-04-12,255.27,0,0
2012-04-13,260.54,0,0
2012-04-14,335.56,0,0
2012-04-15,270.39,0,0
2012-04-16,248.87,0,0
2012-04-17,244.05,0,0
2012-04-18,218.08,0,0
2012-04-19,229.05,0,0
2012-04-20,278.53,0,0
2012-04-21,305.05,0,0
2012-04-22,272.65,0,0
2012-04-23,246.41,0,0
2012-04-24,278.5,0,0
2012-04-25,227.89,0,0
2012-04-26,239.78,0,0
2012-04-27,218.6,0,0
2012-04-28,312.17,0,0
2012-04-29,311.99,0,0
2012-04-30,270.27,0,0
2012-05-01,238.99,0,0
2012-05-02,280.3,0,0
2012-05-03,279.28,0,0
2012-05-04,310.29,0,0
2012-05-05,353.71,0,0
2012-05-06,339.62,0,0
2012-05-07,246.36,0,0
2012-05-08,208.37,0,0
2012-05-09,263.11,0,0
2012-05-10,286.86,0,0
2012-05-11,327.16,0,0
2012-05-12,359.97,0,0
2012-05-13,357.29,0,0
2012-05-14,271.95,0,0
2012-05-15,315.98,0,1
2012-05-16,218.18,0,0
2012-05-17,275.78,0,0
2012-05-18,270.1,0,0
2012-05-19,343.0,0,0
2012-05-20,303.53,0,0
2012-05-21,278.5,0,0
2012-05-22,255.1,0,0
2012-05-23,286.84,0,0
2012-05-24,191.96,0,0
2012-05-25,298.43,0,0
2012-05-26,373.72,0,0
2012-05-27,367.89,0,0
2012-05-28,285.19,0,0
2012-05-29,306.38,0,0
2012-05-30,259.67,0,0
2012-05-31,284.04,0,0
2012-06-01,324.96,0,0
2012-06-02,335.08,0,0
2012-06-03,288.79,0,0
2012-06-04,260.4,0,0
2012-06-05,223.61,0,0
2012-06-06,288.82,0,0
2012-06-07,278.78,0,0
2012-06-08,300.71,0,0
2012-06-09,317.07,0,0
2012-06-10,338.9,0,0
2012-06-11,296.73,0,0
2012-06-12,243.84,0,0
2012-06-13,231.09,0,0
2012-06-14,319.98,0,0
2012-06-15,262.12,0,0
2012-06-16,366.23,0,0
2012-06-17,378.98,0,0
2012-06-18,323.59,0,0
2012-06-19,278.09,0,0
2012-06-20,302.32,0,0
2012-06-21,356.45,0,0
2012-06-22,235.25,0,0
2012-06-23,331.41,0,0
2012-06-24,360.59,0,0
2012-06-25,274.1,0,0
2012-06-26,296.79,0,0
2012-06-27,280.18,0,0
2012-06-28,293.03,0,0
2012-06-29,308.1,0,0
2012-06-30,333.52,0,0
2012-07-01,310.66,0,0
2012-07-02,290.12,0,0
2012-07-03,246.47,0,0
2012-07-04,416.5,1,0
2012-07-05,305.0,0,0
2012-07-06,349.25,0,0
2012-07-07,302.24,0,0
2012-07-08,260.96,0,0
2012-07-09,285.55,0,0
2012-07-10,367.12,0,0
2012-07-11,321.78,0,0
2012-07-12,274.37,0,0
2012-07-13,326.18,0,0
2012-07-14,382.43,0,0
2012-07-15,277.64,0,0
2012-07-16,329.51,0,0
2012-07-17,265.04,0,0
2012-07-18,284.64,0,0
2012-07-19,294.14,0,0
2012-07-20,359.38,0,0
2012-07-21,331.78,0,0
2012-07-22,272.06,0,0
2012-07-23,301.86,0,0
2012-07-24,205.68,0,0
2012-07-25,272.91,0,0
2012-07-26,341.3,0,0
2012-07-27,341.11,0,0
2012-07-28,408.03,0,0
2012-07-29,364.85,0,0
2012-07-30,366.0,0,0
2012-07-31,259.72,0,0
2012-08-01,292.8,0,0
2012-08-02,280.53,0,0
2012-08-03,349.93,0,0
2012-08-04,352.46,0,0
2012-08-05,392.03,0,0
2012-08-06,273.21,0,0
2012-08-07,330.52,0,0
2012-08-08,383.98,0,1
2012-08-09,294.23,0,0
2012-08-10,342.06,0,0
2012-08-11,369.26,0,0
2012-08-12,345.74,0,0
2012-08-13,280.33,0,0
2012-08-14,255.71,0,0
2012-08-15,276.87,0,0
2012-08-16,241.9,0,0
2012-08-17,342.68,0,0
2012-08-18,380.65,0,1
2012-08-19,325.23,0,0
2012-08-20,308.76,0,0
2012-08-21,300.98,0,0
2012-08-22,221.92,0,0
2012-08-23,297.85,0,0
2012-08-24,336.49,0,0
2012-08-25,346.17,0,0
2012-08-26,385.23,0,0
2012-08-27,257.77,0,0
2012-08-28,214.18,0,0
2012-08-29,311.71,0,0
2012-08-30,283.59,0,0
2012-08-31,257.61,0,0
2012-09-01,346.63,0,0
2012-09-02,364.77,0,0
2012-09-03,232.99,0,0
2012-09-04,347.67,0,0
2012-09-05,259.71,0,0
2012-09-06,288.87,0,0
2012-09-07,267.5,0,0
2012-09-08,347.25,0,0
2012-09-09,316.67,0,0
2012-09-10,239.27,0,0
2012-09-11,355.68,0,0
2012-09-12,259.79,0,0
2012-09-13,284.93,0,0
2012-09-14,332.9,0,0
2012-09-15,416.36,0,0
2012-09-16,355.43,0,0
2012-09-17,239.35,0,0
2012-09-18,274.54,0,0
2012-09-19,220.61,0,0
2012-09-20,310.83,0,0
2012-09-21,247.25,0,0
2012-09-22,309.2,0,0
2012-09-23,311.51,0,0
2012-09-24,289.82,0,0
2012-09-25,257.98,0,0
2012-09-26,316.57,0,0
2012-09-27,302.26,0,0
2012-09-28,320.03,0,0
2012-09-29,296.6,0,0
2012-09-30,376.33,0,0
2012-10-01,252.82,0,0
2012-10-02,312.17,0,0
2012-10-03,331.47,0,0
2012-10-04,289.85,0,0
2012-10-05,327.99,0,0
2012-10-06,224.94,0,0
2012-10-07,305.79,0,0
2012-10-08,296.33,0,0
2012-10-09,277.49,0,0
2012-10-10,225.5,0,0
2012-10-11,259.92,0,0
2012-10-12,218.37,0,0
2012-10-13,344.81,0,0
2012-10-14,236.7,0,0
2012-10-15,288.68,0,0
2012-10-16,281.52,0,0
2012-10-17,241.21,0,0
2012-10-18,282.28,0,0
2012-10-19,284.94,0,0
2012-10-20,324.58,0,0
2012-10-21,272.19,0,0
2012-10-22,269.97,0,0
2012-10-23,196.48,0,0
2012-10-24,210.63,0,0
2012-10-25,266.34,0,0
2012-10-26,273.93,0,0
2012-10-27,326.79,0,0
2012-10-28,274.4,0,0
2012-10-29,305.8,0,0
2012-10-30,241.94,0,0
2012-10-31,242.76,0,0
2012-11-01,260.13,0,0
2012-11-02,316.11,0,0
2012-11-03,338.9,0,0
2012-11-04,300.95,0,0
2012-11-05,263.62,0,0
2012-11-06,193.11,0,0
2012-11-07,198.61,0,0
2012-11-08,255.1,0,0
2012-11-09,253.16,0,0
2012-11-10,339.79,0,0
2012-11-11,289.5,0,0
2012-11-12,258.61,0,0
2012-11-13,199.8,0,0
2012-11-14,244.86,0,0
2012-11-15,215.44,0,0
2012-11-16,278.81,0,0
2012-11-17,239.76,0,0
2012-11-18,288.43,0,0
2012-11-19,203.05,0,0
2012-11-20,225.5,0,0
2012-11-21,261.06,0,0
2012-11-22,253.15,0,0
2012-11-23,221.91,0,0
2012-11-24,264.5,0,0
2012-11-25,224.46,0,0
2012-11-26,191.95,0,0
2012-11-27,307.85,1,0
2012-11-28,244.53,0,0
2012-11-29,259.67,0,0
2012-11-30,274.55,0,0
2012-12-01,279.96,0,0
2012-12-02,259.04,0,0
2012-12-03,204.92,0,0
2012-12-04,213.54,0,0
2012-12-05,198.12,0,0
2012-12-06,218.04,0,0
2012-12-07,256.0,0,0
2012-12-08,275.42,0,0
2012-12-09,352.4,0,0
2012-12-10,191.61,0,0
2012-12-11,216.43,0,0
2012-12-12,193.43,0,0
2012-12-13,226.39,0,0
2012-12-14,245.17,0,0
2012-12-15,305.32,0,0
2012-12-16,256.16,0,0
2012-12-17,224.09,0,0
2012-12-18,208.2,0,0
2012-12-19,191.06,0,0
2012-12-20,211.38,0,0
2012-12-21,226.52,0,0
2012-12-22,276.85,0,0
2012-12-23,278.01,0,0
2012-12-24,293.41,1,0
2012-12-25,282.07,1,0
2012-12-26,173.93,0,0
2012-12-27,232.59,0,0
2012-12-28,233.16,0,0
2012-12-29,296.23,0,0
2012-12-30,290.61,0,0
2012-12-31,288.25,1,0
2013-01-01,261.84,1,0
2013-01-02,221.7,0,0
2013-01-03,230.55,0,0
2013-01-04,240.01,0,0
2013-01-05,318.59,0,1
2013-01-06,266.29,0,0
2013-01-07,229.32,0,0
2013-01-08,199.72,0,0
2013-01-09,170.18,0,0
2013-01-10,299.4,0,1
2013-01-11,219.55,0,0
2013-01-12,280.1,0,0
2013-01-13,257.73,0,0
2013-01-14,175.11,0,0
2013-01-15,202.23,0,0
2013-01-16,222.87,0,0
2013-01-17,242.62,0,0
2013-01-18,236.69,0,0
2013-01-19,212.8,0,0
2013-01-20,279.53,0,0
2013-01-21,226.77,0,0
2013-01-22,190.23,0,0
2013-01-23,199.78,0,0
2013-01-24,220.02,0,0
2013-01-25,261.69,0,0
2013-01-26,263.84,0,0
2013-01-27,287.7,0,0
2013-01-28,176.36,0,0
2013-01-29,179.01,0,0
2013-01-30,167.96,0,0
2013-01-31,209.57,0,0
2013-02-01,278.54,0,0
2013-02-02,335.68,0,0
2013-02-03,253.58,0,0
2013-02-04,203.73,0,0
2013-02-05,192.78,0,0
2013-02-06,221.48,0,0
2013-02-07,185.72,0,0
2013-02-08,223.53,0,0
2013-02-09,306.63,0,0
2013-02-10,220.77,0,0
2013-02-11,251.76,0,1
2013-02-12,211.22,0,0
2013-02-13,223.16,0,0
2013-02-14,287.19,1,0
2013-02-15,242.2,0,0
2013-02-16,297.08,0,0
2013-02-17,303.75,0,0
2013-02-18,226.12,0,0
2013-02-19,217.44,0,0
2013-02-20,252.54,0,0
2013-02-21,212.11,0,0
2013-02-22,209.34,0,0
2013-02-23,284.93,0,0
2013-02-24,291.93,0,0
2013-02-25,281.2,0,1
2013-02-26,214.74,0,0
2013-02-27,174.24,0,0
2013-02-28,227.2,0,0
2013-03-01,287.04,0,0
2013-03-02,232.57,0,0
2013-03-03,243.97,0,0
2013-03-04,215.57,0,0
2013-03-05,207.58,0,0
2013-03-06,230.13,0,0
2013-03-07,234.14,0,0
2013-03-08,252.85,0,0
2013-03-09,251.12,0,0
2013-03-10,208.89,0,0
2013-03-11,234.19,0,0
2013-03-12,208.95,0,0
2013-03-13,268.62,0,0
2013-03-14,293.46,0,0
2013-03-15,311.25,0,0
2013-03-16,261.43,0,0
2013-03-17,287.36,0,0
2013-03-18,251.63,0,0
2013-03-19,241.21,0,0
2013-03-20,218.5,0,0
2013-03-21,276.25,0,0
2013-03-22,253.63,0,0
2013-03-23,302.04,0,0
2013-03-24,220.89,0,0
2013-03-25,251.72,0,0
2013-03-26,219.54,0,0
2013-03-27,242.34,0,0
2013-03-28,260.34,0,0
2013-03-29,264.2,0,0
2013-03-30,291.26,0,0
2013-03-31,295.47,0,0
2013-04-01,233.09,0,0
2013-04-02,193.65,0,0
2013-04-03,246.01,0,0
2013-04-04,223.35,0,0
2013-04-05,230.17,0,0
2013-04-06,270.99,0,0
2013-04-07,288.8,0,0
2013-04-08,240.13,0,0
2013-04-09,178.35,0,0
2013-04-10,228.43,0,0
2013-04-11,279.86,0,0
2013-04-12,249.54,0,0
2013-04-13,296.02,0,0
2013-04-14,322.4,0,0
2013-04-15,266.42,0,0
2013-04-16,264.99,0,0
2013-04-17,168.9,0,0
2013-04-18,311.96,0,0
2013-04-19,290.52,0,0
2013-04-20,396.38,0,0
2013-04-21,265.19,0,0
2013-04-22,203.13,0,0
2013-04-23,245.71,0,0
2013-04-24,242.98,0,0
2013-04-25,284.4,0,0
2013-04-26,314.15,0,0
2013-04-27,322.38,0,0
2013-04-28,288.4,0,0
2013-04-29,262.55,0,0
2013-04-30,245.06,0,0
2013-05-01,247.4,0,0
2013-05-02,297.09,0,0
2013-05-03,324.69,0,0
2013-05-04,350.49,0,0
2013-05-05,286.2,0,0
2013-05-06,207.86,0,0
2013-05-07,246.42,0,0
2013-05-08,242.84,0,0
2013-05-09,259.51,0,0
2013-05-10,264.77,0,0
2013-05-11,331.1,0,0
2013-05-12,271.35,0,0
2013-05-13,231.01,0,0
2013-05-14,292.65,0,0
2013-05-15,235.05,0,0
2013-05-16,272.81,0,0
2013-05-17,321.82,0,0
2013-05-18,374.8,0,0
2013-05-19,347.41,0,0
2013-05-20,274.14,0,0
2013-05-21,277.79,0,0
2013-05-22,307.6,0,0
2013-05-23,295.67,0,0
2013-05-24,239.73,0,0
2013-05-25,322.45,0,0
2013-05-26,341.45,0,0
2013-05-27,255.19,0,0
2013-05-28,326.21,0,0
2013-05-29,268.5,0,0
2013-05-30,296.13,0,0
2013-05-31,351.41,0,0
2013-06-01,340.52,0,0
2013-06-02,318.84,0,0
2013-06-03,306.59,0,0
2013-06-04,224.2,0,0
2013-06-05,268.44,0,0
2013-06-06,310.48,0,0
2013-06-07,316.7,0,0
2013-06-08,411.2,0,0
2013-06-09,275.93,0,0
2013-06-10,228.23,0,0
2013-06-11,292.19,0,0
2013-06-12,309.23,0,0
2013-06-13,295.75,0,0
2013-06-14,328.9,0,0
2013-06-15,385.56,0,0
2013-06-16,300.01,0,0
2013-06-17,261.4,0,0
2013-06-18,286.66,0,0
2013-06-19,311.79,0,0
2013-06-20,260.59,0,0
2013-06-21,313.89,0,0
2013-06-22,350.34,0,0
2013-06-23,352.6,0,0
2013-06-24,284.7,0,0
2013-06-25,259.08,0,0
2013-06-26,326.19,0,0
2013-06-27,281.73,0,0
2013-06-28,308.47,0,0
2013-06-29,299.55,0,0
2013-06-30,315.59,0,0
2013-07-01,314.37,0,0
2013-07-02,300.02,0,0
2013-07-03,301.97,0,0
2013-07-04,426.73,1,0
2013-07-05,396.97,0,0
2013-07-06,334.91,0,0
2013-07-07,278.34,0,0
2013-07-08,257.27,0,0
2013-07-09,327.14,0,1
2013-07-10,262.62,0,0
2013-07-11,300.57,0,0
2013-07-12,382.71,0,0
2013-07-13,428.93,0,0
2013-07-14,366.33,0,0
2013-07-15,362.39,0,0
2013-07-16,278.14,0,0
2013-07-17,240.81,0,0
2013-07-18,345.22,0,0
2013-07-19,260.3,0,0
2013-07-20,345.45,0,0
2013-07-21,446.44,0,1
2013-07-22,298.16,0,0
2013-07-23,282.05,0,0
2013-07-24,250.59,0,0
2013-07-25,315.84,0,0
2013-07-26,373.92,0,0
2013-07-27,359.61,0,0
2013-07-28,313.66,0,0
2013-07-29,260.04,0,0
2013-07-30,264.52,0,0
2013-07-31,314.52,0,0
2013-08-01,324.91,0,0
2013-08-02,301.07,0,0
2013-08-03,290.93,0,0
2013-08-04,364.9,0,0
2013-08-05,266.21,0,0
2013-08-06,306.95,0,0
2013-08-07,275.85,0,0
2013-08-08,269.27,0,0
2013-08-09,331.84,0,0
2013-08-10,463.38,0,0
2013-08-11,373.88,0,0
2013-08-12,300.27,0,0
2013-08-13,292.05,0,0
2013-08-14,242.71,0,0
2013-08-15,265.98,0,0
2013-08-16,247.09,0,0
2013-08-17,439.25,0,0
2013-08-18,406.52,0,0
2013-08-19,311.64,0,0
2013-08-20,297.01,0,0
2013-08-21,245.18,0,0
2013-08-22,298.24,0,0
2013-08-23,395.62,0,0
2013-08-24,383.68,0,0
2013-08-25,318.34,0,0
2013-08-26,241.21,0,0
2013-08-27,327.75,0,0
2013-08-28,290.77,0,0
2013-08-29,244.29,0,0
2013-08-30,280.11,0,0
2013-08-31,311.45,0,0
2013-09-01,338.61,0,0
2013-09-02,294.86,0,0
2013-09-03,271.45,0,0
2013-09-04,313.84,0,0
2013-09-05,301.83,0,0
2013-09-06,363.29,0,0
2013-09-07,349.77,0,0
2013-09-08,450.18,0,0
2013-09-09,276.59,0,0
2013-09-10,253.15,0,0
2013-09-11,245.17,0,0
2013-09-12,288.57,0,0
2013-09-13,248.93,0,0
2013-09-14,371.84,0,0
2013-09-15,267.11,0,0
2013-09-16,296.31,0,0
2013-09-17,238.29,0,0
2013-09-18,275.57,0,0
2013-09-19,305.8,0,0
2013-09-20,393.8,0,0
2013-09-21,304.02,0,0
2013-09-22,321.23,0,0
2013-09-23,268.7,0,0
2013-09-24,253.01,0,0
2013-09-25,260.53,0,0
2013-09-26,315.95,0,0
2013-09-27,289.05,0,0
2013-09-28,435.66,0,0
2013-09-29,344.64,0,0
2013-09-30,250.49,0,0
2013-10-01,251.31,0,0
2013-10-02,251.69,0,0
2013-10-03,302.27,0,0
2013-10-04,255.24,0,0
2013-10-05,289.53,0,0
2013-10-06,292.81,0,0
2013-10-07,300.35,0,0
2013-10-08,305.21,0,0
2013-10-09,313.89,0,0
2013-10-10,309.86,0,0
2013-10-11,302.39,0,0
2013-10-12,364.98,0,0
2013-10-13,277.9,0,0
2013-10-14,214.9,0,0
2013-10-15,281.18,0,0
2013-10-16,239.18,0,0
2013-10-17,277.99,0,0
2013-10-18,293.98,0,0
2013-10-19,342.72,0,0
2013-10-20,341.7,0,0
2013-10-21,286.44,0,0
2013-10-22,262.5,0,0
2013-10-23,252.45,0,0
2013-10-24,276.84,0,0
2013-10-25,266.23,0,0
2013-10-26,319.45,0,0
2013-10-27,390.43,0,0
2013-10-28,268.97,0,0
2013-10-29,266.83,0,0
2013-10-30,236.59,0,0
2013-10-31,297.03,0,0
2013-11-01,312.0,0,0
2013-11-02,354.47,0,0
2013-11-03,308.34,0,0
2013-11-04,294.84,0,0
2013-11-05,290.15,0,0
2013-11-06,269.79,0,0
2013-11-07,268.07,0,0
2013-11-08,318.42,0,0
2013-11-09,279.73,0,0
2013-11-10,274.77,0,0
2013-11-11,258.6,0,0
2013-11-12,205.37,0,0
2013-11-13,269.03,0,0
2013-11-14,235.86,0,0
2013-11-15,264.0,0,0
2013-11-16,313.64,0,0
2013-11-17,284.21,0,0
2013-11-18,236.48,0,0
2013-11-19,230.47,0,0
2013-11-20,245.08,0,0
2013-11-21,254.58,0,0
2013-11-22,249.99,0,0
2013-11-23,343.6,0,0
2013-11-24,221.91,0,0
2013-11-25,239.58,0,0
2013-11-26,227.0,0,0
2013-11-27,343.75,1,0
2013-11-28,207.26,0,0
2013-11-29,253.88,0,0
2013-11-30,302.11,0,0
2013-12-01,318.4,0,0
2013-12-02,257.24,0,0
2013-12-03,205.01,0,0
2013-12-04,227.34,0,0
2013-12-05,275.88,0,0
2013-12-06,227.12,0,0
2013-12-07,291.57,0,0
2013-12-08,275.7,0,0
2013-12-09,221.91,0,0
2013-12-10,300.78,0,0
2013-12-11,229.54,0,0
2013-12-12,253.03,0,0
2013-12-13,241.59,0,0
2013-12-14,307.15,0,0
2013-12-15,293.94,0,0
2013-12-16,230.31,0,0
2013-12-17,277.54,0,1
2013-12-18,202.71,0,0
2013-12-19,212.09,0,0
2013-12-20,289.0,0,0
2013-12-21,275.38,0,0
2013-12-22,208.05,0,0
2013-12-23,273.75,0,0
2013-12-24,273.81,1,0
2013-12-25,309.26,1,0
2013-12-26,286.54,0,0
2013-12-27,255.45,0,0
2013-12-28,278.56,0,0
2013-12-29,236.44,0,0
2013-12-30,192.8,0,0
2013-12-31,295.99,1,0
2014-01-01,316.01,1,0
2014-01-02,245.05,0,0
2014-01-03,248.02,0,0
2014-01-04,279.37,0,0
2014-01-05,207.17,0,0
2014-01-06,236.76,0,0
2014-01-07,222.78,0,0
2014-01-08,274.39,0,0
2014-01-09,239.88,0,0
2014-01-10,227.7,0,0
2014-01-11,281.1,0,0
2014-01-12,254.94,0,0
2014-01-13,240.98,0,0
2014-01-14,211.94,0,0
2014-01-15,198.61,0,0
2014-01-16,187.57,0,0
2014-01-17,255.35,0,0
2014-01-18,325.68,0,0
2014-01-19,263.93,0,0
2014-01-20,248.88,0,0
2014-01-21,244.11,0,0
2014-01-22,228.82,0,0
2014-01-23,219.93,0,0
2014-01-24,258.69,0,0
2014-01-25,319.46,0,0
2014-01-26,280.35,0,0
2014-01-27,241.03,0,0
2014-01-28,270.49,0,1
2014-01-29,213.19,0,0
2014-01-30,230.67,0,0
2014-01-31,247.01,0,0
2014-02-01,315.31,0,0
2014-02-02,192.0,0,0
2014-02-03,223.15,0,0
2014-02-04,223.22,0,0
2014-02-05,184.23,0,0
2014-02-06,255.89,0,0
2014-02-07,233.8,0,0
2014-02-08,268.74,0,0
2014-02-09,318.88,0,0
2014-02-10,251.54,0,0
2014-02-11,228.49,0,0
2014-02-12,229.02,0,0
2014-02-13,233.83,0,0
2014-02-14,417.71,1,0
2014-02-15,386.49,0,1
2014-02-16,240.54,0,0
2014-02-17,192.34,0,0
2014-02-18,233.68,0,0
2014-02-19,216.43,0,0
2014-02-20,199.61,0,0
2014-02-21,268.23,0,0
2014-02-22,277.31,0,0
2014-02-23,290.8,0,0
2014-02-24,236.55,0,0
2014-02-25,205.16,0,0
2014-02-26,245.16,0,0
2014-02-27,226.8,0,0
2014-02-28,234.38,0,0
2014-03-01,274.36,0,0
2014-03-02,303.82,0,0
2014-03-03,215.0,0,0
2014-03-04,259.3,0,0
2014-03-05,341.5,0,1
2014-03-06,219.46,0,0
2014-03-07,169.11,0,0
2014-03-08,327.21,0,0
2014-03-09,270.91,0,0
2014-03-10,214.52,0,0
2014-03-11,203.03,0,0
2014-03-12,224.8,0,0
2014-03-13,278.4,0,0
2014-03-14,261.58,0,0
2014-03-15,339.06,0,0
2014-03-16,295.49,0,0
2014-03-17,227.46,0,0
2014-03-18,213.7,0,0
2014-03-19,242.03,0,0
2014-03-20,267.11,0,0
2014-03-21,294.78,0,0
2014-03-22,288.78,0,0
2014-03-23,282.26,0,0
2014-03-24,261.03,0,0
2014-03-25,227.84,0,0
2014-03-26,212.04,0,0
2014-03-27,233.73,0,0
2014-03-28,260.17,0,0
2014-03-29,321.58,0,0
2014-03-30,321.69,0,0
2014-03-31,206.86,0,0
2014-04-01,213.4,0,0
2014-04-02,232.81,0,0
2014-04-03,284.17,0,0
2014-04-04,263.24,0,0
2014-04-05,298.03,0,0
2014-04-06,245.41,0,0
2014-04-07,271.46,0,0
2014-04-08,233.93,0,0
2014-04-09,226.71,0,0
2014-04-10,258.93,0,0
2014-04-11,314.95,0,0
2014-04-12,277.33,0,0
2014-04-13,270.38,0,0
2014-04-14,288.34,0,0
2014-04-15,245.81,0,0
2014-04-16,268.35,0,0
2014-04-17,278.8,0,0
2014-04-18,285.07,0,0
2014-04-19,316.56,0,0
2014-04-20,326.29,0,0
2014-04-21,291.71,0,0
2014-04-22,289.74,0,0
2014-04-23,229.8,0,0
2014-04-24,309.82,0,0
2014-04-25,271.11,0,0
2014-04-26,295.91,0,0
2014-04-27,294.78,0,0
2014-04-28,289.11,0,0
2014-04-29,269.76,0,0
2014-04-30,263.9,0,0
2014-05-01,292.69,0,0
2014-05-02,294.33,0,0
2014-05-03,313.27,0,0
2014-05-04,289.61,0,0
2014-05-05,268.7,0,0
2014-05-06,250.57,0,0
2014-05-07,226.11,0,0
2014-05-08,312.96,0,0
2014-05-09,294.37,0,0
2014-05-10,396.18,0,0
2014-05-11,266.97,0,0
2014-05-12,264.55,0,0
2014-05-13,248.84,0,0
2014-05-14,251.0,0,0
2014-05-15,275.91,0,0
2014-05-16,365.41,0,0
2014-05-17,345.9,0,0
2014-05-18,294.04,0,0
2014-05-19,229.6,0,0
2014-05-20,217.36,0,0
2014-05-21,251.68,0,0
2014-05-22,267.58,0,0
2014-05-23,301.88,0,0
2014-05-24,319.25,0,1
2014-05-25,325.06,0,0
2014-05-26,317.74,0,0
2014-05-27,333.21,0,0
2014-05-28,216.12,0,0
2014-05-29,271.76,0,0
2014-05-30,290.86,0,0
2014-05-31,363.81,0,0
2014-06-01,282.49,0,0
2014-06-02,335.24,0,0
2014-06-03,280.69,0,0
2014-06-04,282.07,0,0
2014-06-05,347.67,0,0
2014-06-06,326.03,0,0
2014-06-07,374.32,0,0
2014-06-08,299.37,0,0
2014-06-09,246.24,0,0
2014-06-10,266.02,0,0
2014-06-11,360.54,0,0
2014-06-12,324.79,0,0
2014-06-13,341.49,0,0
2014-06-14,320.21,0,0
2014-06-15,372.86,0,0
2014-06-16,258.52,0,0
2014-06-17,226.84,0,0
2014-06-18,274.39,0,0
2014-06-19,377.42,0,0
2014-06-20,402.43,0,0
2014-06-21,354.03,0,0
2014-06-22,322.4,0,0
2014-06-23,239.0,0,0
2014-06-24,298.31,0,0
2014-06-25,294.91,0,0
2014-06-26,413.6,0,1
2014-06-27,366.22,0,0
2014-06-28,362.02,0,0
2014-06-29,370.04,0,0
2014-06-30,279.66,0,0
2014-07-01,317.64,0,0
2014-07-02,283.73,0,0
2014-07-03,323.86,0,0
2014-07-04,472.79,1,0
2014-07-05,374.21,0,0
2014-07-06,385.6,0,0
2014-07-07,250.91,0,0
2014-07-08,261.23,0,0
2014-07-09,282.44,0,0
2014-07-10,252.32,0,0
2014-07-11,313.42,0,0
2014-07-12,371.01,0,0
2014-07-13,397.54,0,0
2014-07-14,313.08,0,0
2014-07-15,325.44,0,0
2014-07-16,310.65,0,0
2014-07-17,296.09,0,0
2014-07-18,350.73,0,0
2014-07-19,412.91,0,0
2014-07-20,402.37,0,0
2014-07-21,307.88,0,0
2014-07-22,239.45,0,0
2014-07-23,250.98,0,0
2014-07-24,309.03,0,0
2014-07-25,255.92,0,0
2014-07-26,454.91,0,0
2014-07-27,375.94,0,0
2014-07-28,280.72,0,0
2014-07-29,256.6,0,0
2014-07-30,333.09,0,0
2014-07-31,279.39,0,0
2014-08-01,299.81,0,0
2014-08-02,350.94,0,0
2014-08-03,361.94,0,0
2014-08-04,322.25,0,0
2014-08-05,330.4,0,0
2014-08-06,337.04,0,0
2014-08-07,312.32,0,0
2014-08-08,372.3,0,0
2014-08-09,360.91,0,0
2014-08-10,275.93,0,0
2014-08-11,293.68,0,0
2014-08-12,271.56,0,0
2014-08-13,286.61,0,0
2014-08-14,286.52,0,0
2014-08-15,323.8,0,0
2014-08-16,413.69,0,0
2014-08-17,414.88,0,0
2014-08-18,246.49,0,0
2014-08-19,249.27,0,0
2014-08-20,266.87,0,0
2014-08-21,337.39,0,0
2014-08-22,338.21,0,0
2014-08-23,346.85,0,0
2014-08-24,389.59,0,0
2014-08-25,346.07,0,0
2014-08-26,308.22,0,0
2014-08-27,282.57,0,0
2014-08-28,333.53,0,0
2014-08-29,327.5,0,0
2014-08-30,366.68,0,0
2014-08-31,331.45,0,0
2014-09-01,332.38,0,0
2014-09-02,300.61,0,0
2014-09-03,335.55,0,0
2014-09-04,353.44,0,0
2014-09-05,341.81,0,0
2014-09-06,353.65,0,0
2014-09-07,383.14,0,0
2014-09-08,311.6,0,0
2014-09-09,371.55,0,0
2014-09-10,303.5,0,0
2014-09-11,336.58,0,0
2014-09-12,338.61,0,0
2014-09-13,370.92,0,0
2014-09-14,418.32,0,1
2014-09-15,305.47,0,0
2014-09-16,303.75,0,0
2014-09-17,322.97,0,0
2014-09-18,316.3,0,0
2014-09-19,313.16,0,0
2014-09-20,357.02,0,0
2014-09-21,283.65,0,0
2014-09-22,338.99,0,0
2014-09-23,263.75,0,0
2014-09-24,326.63,0,0
2014-09-25,310.98,0,0
2014-09-26,328.51,0,0
2014-09-27,348.89,0,0
2014-09-28,303.22,0,0
2014-09-29,254.83,0,0
2014-09-30,337.62,0,0
2014-10-01,293.94,0,0
2014-10-02,328.37,0,0
2014-10-03,369.59,0,0
2014-10-04,343.23,0,0
2014-10-05,340.8,0,0
2014-10-06,286.52,0,0
2014-10-07,242.53,0,0
2014-10-08,276.45,0,0
2014-10-09,303.11,0,0
2014-10-10,296.48,0,0
2014-10-11,341.66,0,0
2014-10-12,408.28,0,1
2014-10-13,343.43,0,0
2014-10-14,214.35,0,0
2014-10-15,291.5,0,0
2014-10-16,281.84,0,0
2014-10-17,287.1,0,0
2014-10-18,338.21,0,0
2014-10-19,339.59,0,0
2014-10-20,301.2,0,0
2014-10-21,269.55,0,0
2014-10-22,305.08,0,0
2014-10-23,332.13,0,0
2014-10-24,323.82,0,0
2014-10-25,318.51,0,0
2014-10-26,327.4,0,0
2014-10-27,288.51,0,0
2014-10-28,245.14,0,0
2014-10-29,223.12,0,0
2014-10-30,216.68,0,0
2014-10-31,307.64,0,0
2014-11-01,347.53,0,0
2014-11-02,275.08,0,0
2014-11-03,302.83,0,0
2014-11-04,249.25,0,0
2014-11-05,303.16,0,0
2014-11-06,280.72,0,0
2014-11-07,255.24,0,0
2014-11-08,353.45,0,0
2014-11-09,409.38,0,1
2014-11-10,257.57,0,0
2014-11-11,207.58,0,0
2014-11-12,257.47,0,0
2014-11-13,244.49,0,0
2014-11-14,323.04,0,0
2014-11-15,311.16,0,0
2014-11-16,358.1,0,0
2014-11-17,198.35,0,0
2014-11-18,253.18,0,0
2014-11-19,296.98,0,0
2014-11-20,303.29,0,1
2014-11-21,287.59,0,0
2014-11-22,303.84,0,0
2014-11-23,272.42,0,0
2014-11-24,259.94,0,0
2014-11-25,219.2,0,0
2014-11-26,252.25,0,0
2014-11-27,364.3,1,0
2014-11-28,263.77,0,0
2014-11-29,275.41,0,0
2014-11-30,326.46,0,0
2014-12-01,271.88,0,0
2014-12-02,218.06,0,0
2014-12-03,211.93,0,0
2014-12-04,238.11,0,0
2014-12-05,296.45,0,0
2014-12-06,319.35,0,0
2014-12-07,318.78,0,0
2014-12-08,231.1,0,0
2014-12-09,215.11,0,0
2014-12-10,270.11,0,0
2014-12-11,242.13,0,0
2014-12-12,269.31,0,0
2014-12-13,252.07,0,0
2014-12-14,268.41,0,0
2014-12-15,274.62,0,0
2014-12-16,224.14,0,0
2014-12-17,267.06,0,0
2014-12-18,186.68,0,0
2014-12-19,255.8,0,0
2014-12-20,295.09,0,0
2014-12-21,335.45,0,0
2014-12-22,215.03,0,0
2014-12-23,251.25,0,0
2014-12-24,361.86,1,0
2014-12-25,313.94,1,0
2014-12-26,258.74,0,0
2014-12-27,309.47,0,0
2014-12-28,244.36,0,0
2014-12-29,231.31,0,0
2014-12-30,262.18,0,0
2014-12-31,340.45,1,0
2015-01-01,329.33,1,0
2015-01-02,270.11,0,0
2015-01-03,322.48,0,0
2015-01-04,290.73,0,0
2015-01-05,230.89,0,0
2015-01-06,278.24,0,0
2015-01-07,271.78,0,0
2015-01-08,265.89,0,0
2015-01-09,236.45,0,0
2015-01-10,261.16,0,0
2015-01-11,267.64,0,0
2015-01-12,241.2,0,0
2015-01-13,187.92,0,0
2015-01-14,249.51,0,0
2015-01-15,282.43,0,0
2015-01-16,281.17,0,0
2015-01-17,265.94,0,0
2015-01-18,253.18,0,0
2015-01-19,252.62,0,0
2015-01-20,224.06,0,0
2015-01-21,251.78,0,0
2015-01-22,254.26,0,0
2015-01-23,291.15,0,0
2015-01-24,252.62,0,0
2015-01-25,285.9,0,0
2015-01-26,234.01,0,0
2015-01-27,224.81,0,0
2015-01-28,260.72,0,0
2015-01-29,276.88,0,0
2015-01-30,299.85,0,0
2015-01-31,306.59,0,0
2015-02-01,272.87,0,0
2015-02-02,224.65,0,0
2015-02-03,185.08,0,0
2015-02-04,278.15,0,0
2015-02-05,231.99,0,0
2015-02-06,279.35,0,0
2015-02-07,317.5,0,0
2015-02-08,235.02,0,0
2015-02-09,213.28,0,0
2015-02-10,276.55,0,0
2015-02-11,244.22,0,0
2015-02-12,232.07,0,0
2015-02-13,266.12,0,0
2015-02-14,443.48,1,0
2015-02-15,297.68,0,0
2015-02-16,207.99,0,0
2015-02-17,272.22,0,0
2015-02-18,264.89,0,0
2015-02-19,237.74,0,0
2015-02-20,230.91,0,0
2015-02-21,325.36,0,0
2015-02-22,291.51,0,0
2015-02-23,197.65,0,0
2015-02-24,221.68,0,0
2015-02-25,317.44,0,0
2015-02-26,236.75,0,0
2015-02-27,238.34,0,0
2015-02-28,269.89,0,0
2015-03-01,335.47,0,0
2015-03-02,258.72,0,0
2015-03-03,340.95,0,1
2015-03-04,241.92,0,0
2015-03-05,288.51,0,0
2015-03-06,243.04,0,0
2015-03-07,306.25,0,0
2015-03-08,290.9,0,0
2015-03-09,294.3,0,0
2015-03-10,241.57,0,0
2015-03-11,227.08,0,0
2015-03-12,259.13,0,0
2015-03-13,217.07,0,0
2015-03-14,220.13,0,0
2015-03-15,309.25,0,0
2015-03-16,241.16,0,0
2015-03-17,231.61,0,0
2015-03-18,267.26,0,0
2015-03-19,300.97,0,0
2015-03-20,288.04,0,0
2015-03-21,376.1,0,0
2015-03-22,298.68,0,0
2015-03-23,261.12,0,0
2015-03-24,251.36,0,0
2015-03-25,218.29,0,0
2015-03-26,282.5,0,0
2015-03-27,203.76,0,0
2015-03-28,288.7,0,0
2015-03-29,294.23,0,0
2015-03-30,240.36,0,0
2015-03-31,233.72,0,0
2015-04-01,298.08,0,0
2015-04-02,293.79,0,0
2015-04-03,255.08,0,0
2015-04-04,297.56,0,0
2015-04-05,260.85,0,0
2015-04-06,272.22,0,0
2015-04-07,246.4,0,0
2015-04-08,202.2,0,0
2015-04-09,269.8,0,0
2015-04-10,304.54,0,0
2015-04-11,355.91,0,0
2015-04-12,306.44,0,0
2015-04-13,249.49,0,0
2015-04-14,310.12,0,0
2015-04-15,259.97,0,0
2015-04-16,299.29,0,0
2015-04-17,279.71,0,0
2015-04-18,343.81,0,0
2015-04-19,261.65,0,0
2015-04-20,246.04,0,0
2015-04-21,224.24,0,0
2015-04-22,248.61,0,0
2015-04-23,315.57,0,0
2015-04-24,281.96,0,0
2015-04-25,367.84,0,0
2015-04-26,364.25,0,0
2015-04-27,268.25,0,0
2015-04-28,367.5,0,1
2015-04-29,279.74,0,0
2015-04-30,285.1,0,0
2015-05-01,336.78,0,0
2015-05-02,405.45,0,0
2015-05-03,296.77,0,0
2015-05-04,245.6,0,0
2015-05-05,249.58,0,0
2015-05-06,303.83,0,0
2015-05-07,322.22,0,0
2015-05-08,286.64,0,0
2015-05-09,267.31,0,0
2015-05-10,303.56,0,0
2015-05-11,295.2,0,0
2015-05-12,277.25,0,0
2015-05-13,287.87,0,0
2015-05-14,280.94,0,0
2015-05-15,348.81,0,0
2015-05-16,369.75,0,0
2015-05-17,352.15,0,0
2015-05-18,299.53,0,0
2015-05-19,295.43,0,0
2015-05-20,299.91,0,0
2015-05-21,265.54,0,0
2015-05-22,330.85,0,0
2015-05-23,393.33,0,0
2015-05-24,383.92,0,0
2015-05-25,301.6,0,0
2015-05-26,253.64,0,0
2015-05-27,264.88,0,0
2015-05-28,290.08,0,0
2015-05-29,323.32,0,0
2015-05-30,356.53,0,0
2015-05-31,292.85,0,0
2015-06-01,259.3,0,0
2015-06-02,216.34,0,0
2015-06-03,190.59,0,0
2015-06-04,296.61,0,0
2015-06-05,411.69,0,0
2015-06-06,438.81,0,0
2015-06-07,313.06,0,0
2015-06-08,307.19,0,0
2015-06-09,244.79,0,0
2015-06-10,253.27,0,0
2015-06-11,259.81,0,0
2015-06-12,323.18,0,0
2015-06-13,364.35,0,0
2015-06-14,361.8,0,0
2015-06-15,328.7,0,0
2015-06-16,285.07,0,0
2015-06-17,308.74,0,0
2015-06-18,273.84,0,0
2015-06-19,284.54,0,0
2015-06-20,322.4,0,0
2015-06-21,380.76,0,0
2015-06-22,294.05,0,0
2015-06-23,245.43,0,0
2015-06-24,305.07,0,0
2015-06-25,273.07,0,0
2015-06-26,399.61,0,0
2015-06-27,365.69,0,0
2015-06-28,385.78,0,0
2015-06-29,433.31,0,1
2015-06-30,271.92,0,0
2015-07-01,313.89,0,0
2015-07-02,342.59,0,0
2015-07-03,352.37,0,0
2015-07-04,544.8,1,0
2015-07-05,310.7,0,0
2015-07-06,327.14,0,0
2015-07-07,295.13,0,0
2015-07-08,314.8,0,0
2015-07-09,356.7,0,0
2015-07-10,364.6,0,0
2015-07-11,403.4,0,0
2015-07-12,385.65,0,0
2015-07-13,422.39,0,1
2015-07-14,355.64,0,0
2015-07-15,304.8,0,0
2015-07-16,329.87,0,0
2015-07-17,390.12,0,0
2015-07-18,363.13,0,0
2015-07-19,306.66,0,0
2015-07-20,336.31,0,0
2015-07-21,298.58,0,0
2015-07-22,271.2,0,0
2015-07-23,434.08,0,1
2015-07-24,399.53,0,0
2015-07-25,319.05,0,0
2015-07-26,403.31,0,0
2015-07-27,225.84,0,0
2015-07-28,299.0,0,0
2015-07-29,367.22,0,0
2015-07-30,308.07,0,0
2015-07-31,345.73,0,0
2015-08-01,432.29,0,0
2015-08-02,293.63,0,0
2015-08-03,316.75,0,0
2015-08-04,299.98,0,0
2015-08-05,375.22,0,0
2015-08-06,285.82,0,0
2015-08-07,335.61,0,0
2015-08-08,351.54,0,0
2015-08-09,316.05,0,0
2015-08-10,353.03,0,0
2015-08-11,307.11,0,0
2015-08-12,287.99,0,0
2015-08-13,309.93,0,0
2015-08-14,331.11,0,0
2015-08-15,368.18,0,0
2015-08-16,317.45,0,0
2015-08-17,305.15,0,0
2015-08-18,298.25,0,0
2015-08-19,295.24,0,0
2015-08-20,324.09,0,0
2015-08-21,448.98,0,1
2015-08-22,372.31,0,0
2015-08-23,352.36,0,0
2015-08-24,384.74,0,0
2015-08-25,370.88,0,0
2015-08-26,272.91,0,0
2015-08-27,288.14,0,0
2015-08-28,303.87,0,0
2015-08-29,436.68,0,0
2015-08-30,335.54,0,0
2015-08-31,314.67,0,0
2015-09-01,462.54,0,1
2015-09-02,309.83,0,0
2015-09-03,339.74,0,0
2015-09-04,365.07,0,0
2015-09-05,366.39,0,0
2015-09-06,399.63,0,0
2015-09-07,275.02,0,0
2015-09-08,347.23,0,0
2015-09-09,293.84,0,0
2015-09-10,296.37,0,0
2015-09-11,299.25,0,0
2015-09-12,347.97,0,0
2015-09-13,338.86,0,0
2015-09-14,215.51,0,0
2015-09-15,290.64,0,0
2015-09-16,280.25,0,0
2015-09-17,335.37,0,0
2015-09-18,343.37,0,0
2015-09-19,353.99,0,0
2015-09-20,329.39,0,0
2015-09-21,296.75,0,0
2015-09-22,343.62,0,0
2015-09-23,272.52,0,0
2015-09-24,287.79,0,0
2015-09-25,293.19,0,0
2015-09-26,312.97,0,0
2015-09-27,355.13,0,0
2015-09-28,301.77,0,0
2015-09-29,329.67,0,0
2015-09-30,410.53,0,1
2015-10-01,390.25,0,0
2015-10-02,331.29,0,0
2015-10-03,359.58,0,0
2015-10-04,289.71,0,0
2015-10-05,307.22,0,0
2015-10-06,285.48,0,0
2015-10-07,305.38,0,0
2015-10-08,261.41,0,0
2015-10-09,337.78,0,0
2015-10-10,372.05,0,0
2015-10-11,352.57,0,0
2015-10-12,271.92,0,0
2015-10-13,328.01,0,0
2015-10-14,355.49,0,0
2015-10-15,267.69,0,0
2015-10-16,342.93,0,0
2015-10-17,239.43,0,0
2015-10-18,355.47,0,0
2015-10-19,228.02,0,0
2015-10-20,258.32,0,0
2015-10-21,237.04,0,0
2015-10-22,289.41,0,0
2015-10-23,338.64,0,0
2015-10-24,273.07,0,0
2015-10-25,309.59,0,0
2015-10-26,265.66,0,0
2015-10-27,315.83,0,0
2015-10-28,290.67,0,0
2015-10-29,255.26,0,0
2015-10-30,296.6,0,0
2015-10-31,403.52,0,0
2015-11-01,341.96,0,0
2015-11-02,247.4,0,0
2015-11-03,264.38,0,0
2015-11-04,271.58,0,0
2015-11-05,270.14,0,0
2015-11-06,253.58,0,0
2015-11-07,325.08,0,0
2015-11-08,364.2,0,0
2015-11-09,269.98,0,0
2015-11-10,260.47,0,0
2015-11-11,279.2,0,0
2015-11-12,352.83,0,0
2015-11-13,290.57,0,0
2015-11-14,372.24,0,0
2015-11-15,286.34,0,0
2015-11-16,253.15,0,0
2015-11-17,265.41,0,0
2015-11-18,253.45,0,0
2015-11-19,268.95,0,0
2015-11-20,328.66,0,0
2015-11-21,309.63,0,0
2015-11-22,309.29,0,0
2015-11-23,286.22,0,0
2015-11-24,232.19,0,0
2015-11-25,295.94,0,0
2015-11-26,278.83,0,0
2015-11-27,388.16,1,0
2015-11-28,256.48,0,0
2015-11-29,290.95,0,0
2015-11-30,264.47,0,0
2015-12-01,306.01,0,0
2015-12-02,267.62,0,0
2015-12-03,304.71,0,0
2015-12-04,252.57,0,0
2015-12-05,311.66,0,0
2015-12-06,336.62,0,0
2015-12-07,243.52,0,0
2015-12-08,275.58,0,0
2015-12-09,268.85,0,0
2015-12-10,276.77,0,0
2015-12-11,269.06,0,0
2015-12-12,273.58,0,0
2015-12-13,444.23,0,1
2015-12-14,267.95,0,0
2015-12-15,257.19,0,0
2015-12-16,235.81,0,0
2015-12-17,266.16,0,0
2015-12-18,285.75,0,0
2015-12-19,314.75,0,0
2015-12-20,317.66,0,0
2015-12-21,228.79,0,0
2015-12-22,211.38,0,0
2015-12-23,252.8,0,0
2015-12-24,285.93,1,0
2015-12-25,356.84,1,0
2015-12-26,289.31,0,0
2015-12-27,304.72,0,0
2015-12-28,302.04,0,0
2015-12-29,196.34,0,0
2015-12-30,307.02,0,0
2015-12-31,331.1,1,0
2016-01-01,380.43,1,0
2016-01-02,264.88,0,0
2016-01-03,317.41,0,0
2016-01-04,247.46,0,0
2016-01-05,243.06,0,0
2016-01-06,187.7,0,0
2016-01-07,245.4,0,0
2016-01-08,293.54,0,0
2016-01-09,299.19,0,0
2016-01-10,320.52,0,0
2016-01-11,268.76,0,0
2016-01-12,226.28,0,0
2016-01-13,286.45,0,0
2016-01-14,256.39,0,0
2016-01-15,274.69,0,0
2016-01-16,301.34,0,0
2016-01-17,287.41,0,0
2016-01-18,178.61,0,0
2016-01-19,237.96,0,0
2016-01-20,209.44,0,0
2016-01-21,300.12,0,0
2016-01-22,308.84,0,0
2016-01-23,332.15,0,0
2016-01-24,270.91,0,0
2016-01-25,223.78,0,0
2016-01-26,225.27,0,0
2016-01-27,288.81,0,0
2016-01-28,232.74,0,0
2016-01-29,201.43,0,0
2016-01-30,342.61,0,0
2016-01-31,321.5,0,0
2016-02-01,278.17,0,0
2016-02-02,264.16,0,0
2016-02-03,261.48,0,0
2016-02-04,254.78,0,0
2016-02-05,211.8,0,0
2016-02-06,311.41,0,0
2016-02-07,300.09,0,0
2016-02-08,242.38,0,0
2016-02-09,236.15,0,0
2016-02-10,211.29,0,0
2016-02-11,230.08,0,0
2016-02-12,328.03,0,0
2016-02-13,365.57,0,0
2016-02-14,385.47,1,0
2016-02-15,253.35,0,0
2016-02-16,216.97,0,0
2016-02-17,259.72,0,0
2016-02-18,305.37,0,0
2016-02-19,224.28,0,0
2016-02-20,318.54,0,0
2016-02-21,304.87,0,0
2016-02-22,258.06,0,0
2016-02-23,288.06,0,0
2016-02-24,304.19,0,0
2016-02-25,246.47,0,0
2016-02-26,297.07,0,0
2016-02-27,309.15,0,0
2016-02-28,261.34,0,0
2016-02-29,254.84,0,0
2016-03-01,260.49,0,0
2016-03-02,256.98,0,0
2016-03-03,235.01,0,0
2016-03-04,268.71,0,0
2016-03-05,292.7,0,0
2016-03-06,263.55,0,0
2016-03-07,270.02,0,0
2016-03-08,247.12,0,0
2016-03-09,276.06,0,0
2016-03-10,232.28,0,0
2016-03-11,262.77,0,0
2016-03-12,369.12,0,0
2016-03-13,293.77,0,0
2016-03-14,258.34,0,0
2016-03-15,237.27,0,0
2016-03-16,283.25,0,0
2016-03-17,300.08,0,0
2016-03-18,324.0,0,0
2016-03-19,334.43,0,0
2016-03-20,274.86,0,0
2016-03-21,309.69,0,0
2016-03-22,275.34,0,0
2016-03-23,246.02,0,0
2016-03-24,309.26,0,0
2016-03-25,274.79,0,0
2016-03-26,365.28,0,0
2016-03-27,356.89,0,0
2016-03-28,234.53,0,0
2016-03-29,271.7,0,0
2016-03-30,291.89,0,0
2016-03-31,346.21,0,0
2016-04-01,271.35,0,0
2016-04-02,387.29,0,0
2016-04-03,310.83,0,0
2016-04-04,223.17,0,0
2016-04-05,263.28,0,0
2016-04-06,265.24,0,0
2016-04-07,243.16,0,0
2016-04-08,307.48,0,0
2016-04-09,370.1,0,0
2016-04-10,316.76,0,0
2016-04-11,256.83,0,0
2016-04-12,256.96,0,0
2016-04-13,273.87,0,0
2016-04-14,292.19,0,0
2016-04-15,348.98,0,0
2016-04-16,351.38,0,0
2016-04-17,266.41,0,0
2016-04-18,252.35,0,0
2016-04-19,284.6,0,0
2016-04-20,312.58,0,0
2016-04-21,325.24,0,0
2016-04-22,377.7,0,0
2016-04-23,359.79,0,0
2016-04-24,345.75,0,0
2016-04-25,232.72,0,0
2016-04-26,285.56,0,0
2016-04-27,241.45,0,0
2016-04-28,290.02,0,0
2016-04-29,422.43,0,0
2016-04-30,358.85,0,0
2016-05-01,300.74,0,0
2016-05-02,304.96,0,0
2016-05-03,264.09,0,0
2016-05-04,254.15,0,0
2016-05-05,362.88,0,0
2016-05-06,361.04,0,0
2016-05-07,367.58,0,0
2016-05-08,322.9,0,0
2016-05-09,281.19,0,0
2016-05-10,336.02,0,0
2016-05-11,296.11,0,0
2016-05-12,197.27,0,0
2016-05-13,404.82,0,0
2016-05-14,375.14,0,0
2016-05-15,352.35,0,0
2016-05-16,326.68,0,0
2016-05-17,297.8,0,0
2016-05-18,320.65,0,0
2016-05-19,287.17,0,0
2016-05-20,279.97,0,0
2016-05-21,387.16,0,0
2016-05-22,400.58,0,0
2016-05-23,283.53,0,0
2016-05-24,266.14,0,0
2016-05-25,338.26,0,0
2016-05-26,296.65,0,0
2016-05-27,326.3,0,0
2016-05-28,367.7,0,0
2016-05-29,355.04,0,0
2016-05-30,248.58,0,0
2016-05-31,272.92,0,0
2016-06-01,313.84,0,0
2016-06-02,330.48,0,0
2016-06-03,388.03,0,0
2016-06-04,459.0,0,0
2016-06-05,419.42,0,0
2016-06-06,343.18,0,0
2016-06-07,295.06,0,0
2016-06-08,286.22,0,0
2016-06-09,320.95,0,0
2016-06-10,361.42,0,0
2016-06-11,417.9,0,0
2016-06-12,382.01,0,0
2016-06-13,299.94,0,0
2016-06-14,329.63,0,0
2016-06-15,352.54,0,0
2016-06-16,358.58,0,0
2016-06-17,352.16,0,0
2016-06-18,361.42,0,0
2016-06-19,337.36,0,0
2016-06-20,287.97,0,0
2016-06-21,307.34,0,0
2016-06-22,335.47,0,0
2016-06-23,282.76,0,0
2016-06-24,338.81,0,0
2016-06-25,508.56,0,1
2016-06-26,321.66,0,0
2016-06-27,335.28,0,0
2016-06-28,300.91,0,0
2016-06-29,296.78,0,0
2016-06-30,338.51,0,0
2016-07-01,373.14,0,0
2016-07-02,357.47,0,0
2016-07-03,355.89,0,0
2016-07-04,457.84,1,0
2016-07-05,280.82,0,0
2016-07-06,267.29,0,0
2016-07-07,267.12,0,0
2016-07-08,342.18,0,0
2016-07-09,343.64,0,0
2016-07-10,357.93,0,0
2016-07-11,377.04,0,0
2016-07-12,254.9,0,0
2016-07-13,307.04,0,0
2016-07-14,409.09,0,0
2016-07-15,379.1,0,0
2016-07-16,381.81,0,0
2016-07-17,370.73,0,0
2016-07-18,332.81,0,0
2016-07-19,374.85,0,0
2016-07-20,290.94,0,0
2016-07-21,317.24,0,0
2016-07-22,303.58,0,0
2016-07-23,393.84,0,0
2016-07-24,314.28,0,0
2016-07-25,303.88,0,0
2016-07-26,279.92,0,0
2016-07-27,357.72,0,0
2016-07-28,313.23,0,0
2016-07-29,370.89,0,0
2016-07-30,326.76,0,0
2016-07-31,386.01,0,0
2016-08-01,288.11,0,0
2016-08-02,298.85,0,0
2016-08-03,399.85,0,0
2016-08-04,364.12,0,0
2016-08-05,354.56,0,0
2016-08-06,546.91,0,0
2016-08-07,337.29,0,0
2016-08-08,368.51,0,0
2016-08-09,263.06,0,0
2016-08-10,307.41,0,0
2016-08-11,291.19,0,0
2016-08-12,367.77,0,0
2016-08-13,413.77,0,0
2016-08-14,364.84,0,0
2016-08-15,372.89,0,0
2016-08-16,300.02,0,0
2016-08-17,333.02,0,0
2016-08-18,360.33,0,0
2016-08-19,295.62,0,0
2016-08-20,371.07,0,0
2016-08-21,376.93,0,0
2016-08-22,342.21,0,0
2016-08-23,365.36,0,0
2016-08-24,311.54,0,0
2016-08-25,324.86,0,0
2016-08-26,316.65,0,0
2016-08-27,418.86,0,0
2016-08-28,362.31,0,0
2016-08-29,317.27,0,0
2016-08-30,312.21,0,0
2016-08-31,335.78,0,0
2016-09-01,308.83,0,0
2016-09-02,332.25,0,0
2016-09-03,414.05,0,0
2016-09-04,250.18,0,0
2016-09-05,295.58,0,0
2016-09-06,259.88,0,0
2016-09-07,350.06,0,0
2016-09-08,313.69,0,0
2016-09-09,414.62,0,1
2016-09-10,393.35,0,0
2016-09-11,433.57,0,1
2016-09-12,303.86,0,0
2016-09-13,304.89,0,0
2016-09-14,300.22,0,0
2016-09-15,310.05,0,0
2016-09-16,305.75,0,0
2016-09-17,342.54,0,0
2016-09-18,365.49,0,0
2016-09-19,320.27,0,0
2016-09-20,254.01,0,0
2016-09-21,341.35,0,0
2016-09-22,355.01,0,0
2016-09-23,381.27,0,0
2016-09-24,398.4,0,0
2016-09-25,376.64,0,0
2016-09-26,392.17,0,0
2016-09-27,294.23,0,0
2016-09-28,273.62,0,0
2016-09-29,252.43,0,0
2016-09-30,405.19,0,0
2016-10-01,454.22,0,0
2016-10-02,321.69,0,0
2016-10-03,278.75,0,0
2016-10-04,283.57,0,0
2016-10-05,344.75,0,0
2016-10-06,265.09,0,0
2016-10-07,259.71,0,0
2016-10-08,466.4,0,0
2016-10-09,368.37,0,0
2016-10-10,320.5,0,0
2016-10-11,290.11,0,0
2016-10-12,312.58,0,0
2016-10-13,265.06,0,0
2016-10-14,291.2,0,0
2016-10-15,385.03,0,0
2016-10-16,269.43,0,0
2016-10-17,289.56,0,0
2016-10-18,279.85,0,0
2016-10-19,282.88,0,0
2016-10-20,285.13,0,0
2016-10-21,286.98,0,0
2016-10-22,291.82,0,0
2016-10-23,347.98,0,0
2016-10-24,285.26,0,0
2016-10-25,250.1,0,0
2016-10-26,290.99,0,0
2016-10-27,282.95,0,0
2016-10-28,312.83,0,0
2016-10-29,268.35,0,0
2016-10-30,357.05,0,0
2016-10-31,250.67,0,0
2016-11-01,282.74,0,0
2016-11-02,251.67,0,0
2016-11-03,279.23,0,0
2016-11-04,348.68,0,0
2016-11-05,378.21,0,0
2016-11-06,376.52,0,0
2016-11-07,288.27,0,0
2016-11-08,291.42,0,0
2016-11-09,229.67,0,0
2016-11-10,277.65,0,0
2016-11-11,293.61,0,0
2016-11-12,390.62,0,0
2016-11-13,303.58,0,0
2016-11-14,295.62,0,0
2016-11-15,276.46,0,0
2016-11-16,305.69,0,0
2016-11-17,283.26,0,0
2016-11-18,328.0,0,0
2016-11-19,281.88,0,0
2016-11-20,258.13,0,0
2016-11-21,202.22,0,0
2016-11-22,291.25,0,0
2016-11-23,300.44,0,0
2016-11-24,321.4,0,0
2016-11-25,274.39,0,0
2016-11-26,314.82,0,0
2016-11-27,422.42,1,0
2016-11-28,320.65,0,0
2016-11-29,300.66,0,0
2016-11-30,291.55,0,0
2016-12-01,286.29,0,0
2016-12-02,332.04,0,0
2016-12-03,318.04,0,0
2016-12-04,294.68,0,0
2016-12-05,264.48,0,0
2016-12-06,236.19,0,0
2016-12-07,260.87,0,0
2016-12-08,245.87,0,0
2016-12-09,327.32,0,0
2016-12-10,346.05,0,0
2016-12-11,354.3,0,0
2016-12-12,220.68,0,0
2016-12-13,314.52,0,0
2016-12-14,215.09,0,0
2016-12-15,231.18,0,0
2016-12-16,272.39,0,0
2016-12-17,375.3,0,0
2016-12-18,317.13,0,0
2016-12-19,251.25,0,0
2016-12-20,227.62,0,0
2016-12-21,222.85,0,0
2016-12-22,300.18,0,0
2016-12-23,310.54,0,0
2016-12-24,506.7,1,0
2016-12-25,416.39,1,0
2016-12-26,194.08,0,0
2016-12-27,213.23,0,0
2016-12-28,273.14,0,0
2016-12-29,254.92,0,0
2016-12-30,268.82,0,0
2016-12-31,378.15,1,0
2017-01-01,448.36,1,0
2017-01-02,268.16,0,0
2017-01-03,259.48,0,0
2017-01-04,245.17,0,0
2017-01-05,269.62,0,0
2017-01-06,298.29,0,1
2017-01-07,305.75,0,0
2017-01-08,222.99,0,0
2017-01-09,208.59,0,0
2017-01-10,248.7,0,0
2017-01-11,320.28,0,0
2017-01-12,211.55,0,0
2017-01-13,243.87,0,0
2017-01-14,334.82,0,0
2017-01-15,340.99,0,0
2017-01-16,261.04,0,0
2017-01-17,263.86,0,0
2017-01-18,241.03,0,0
2017-01-19,248.07,0,0
2017-01-20,281.87,0,0
2017-01-21,293.44,0,0
2017-01-22,317.19,0,0
2017-01-23,202.36,0,0
2017-01-24,271.69,0,0
2017-01-25,255.71,0,0
2017-01-26,252.82,0,0
2017-01-27,239.07,0,0
2017-01-28,287.85,0,0
2017-01-29,336.76,0,0
2017-01-30,252.11,0,0
2017-01-31,253.48,0,0
2017-02-01,232.6,0,0
2017-02-02,268.97,0,0
2017-02-03,242.42,0,0
2017-02-04,316.24,0,0
2017-02-05,306.15,0,0
2017-02-06,266.16,0,0
2017-02-07,226.11,0,0
2017-02-08,242.03,0,0
2017-02-09,275.46,0,0
2017-02-10,283.08,0,0
2017-02-11,301.42,0,0
2017-02-12,352.7,0,0
2017-02-13,222.06,0,0
2017-02-14,369.18,1,0
2017-02-15,227.22,0,0
2017-02-16,289.56,0,0
2017-02-17,304.95,0,0
2017-02-18,303.22,0,0
2017-02-19,257.45,0,0
2017-02-20,195.37,0,0
2017-02-21,243.42,0,0
2017-02-22,276.52,0,0
2017-02-23,236.28,0,0
2017-02-24,284.15,0,0
2017-02-25,267.83,0,0
2017-02-26,288.54,0,0
2017-02-27,226.97,0,0
2017-02-28,250.72,0,0
2017-03-01,241.27,0,0
2017-03-02,226.04,0,0
2017-03-03,277.84,0,0
2017-03-04,292.07,0,0
2017-03-05,261.21,0,0
2017-03-06,290.87,0,0
2017-03-07,236.06,0,0
2017-03-08,196.5,0,0
2017-03-09,251.15,0,0
2017-03-10,324.09,0,0
2017-03-11,304.92,0,0
2017-03-12,360.41,0,0
2017-03-13,244.85,0,0
2017-03-14,280.21,0,0
2017-03-15,294.96,0,0
2017-03-16,293.82,0,0
2017-03-17,252.77,0,0
2017-03-18,288.1,0,0
2017-03-19,349.24,0,0
2017-03-20,240.25,0,0
2017-03-21,289.47,0,0
2017-03-22,249.99,0,0
2017-03-23,285.82,0,0
2017-03-24,258.28,0,0
2017-03-25,320.15,0,0
2017-03-26,292.3,0,0
2017-03-27,270.54,0,0
2017-03-28,260.84,0,0
2017-03-29,298.84,0,0
2017-03-30,272.35,0,0
2017-03-31,273.46,0,0
2017-04-01,348.72,0,0
2017-04-02,282.78,0,0
2017-04-03,299.4,0,0
2017-04-04,260.92,0,0
2017-04-05,264.19,0,0
2017-04-06,297.94,0,0
2017-04-07,302.6,0,0
2017-04-08,296.55,0,0
2017-04-09,285.14,0,0
2017-04-10,314.72,0,0
2017-04-11,276.16,0,0
2017-04-12,230.34,0,0
2017-04-13,300.44,0,0
2017-04-14,300.06,0,0
2017-04-15,320.96,0,0
2017-04-16,281.58,0,0
2017-04-17,316.08,0,0
2017-04-18,216.15,0,0
2017-04-19,256.34,0,0
2017-04-20,302.77,0,0
2017-04-21,376.64,0,0
2017-04-22,382.87,0,0
2017-04-23,305.45,0,0
2017-04-24,339.13,0,0
2017-04-25,228.72,0,0
2017-04-26,300.52,0,0
2017-04-27,319.78,0,0
2017-04-28,287.17,0,0
2017-04-29,393.69,0,0
2017-04-30,324.42,0,0
2017-05-01,323.07,0,0
2017-05-02,230.7,0,0
2017-05-03,305.32,0,0
2017-05-04,296.94,0,0
2017-05-05,368.73,0,0
2017-05-06,370.5,0,0
2017-05-07,390.34,0,0
2017-05-08,321.68,0,0
2017-05-09,278.49,0,0
2017-05-10,327.46,0,0
2017-05-11,338.19,0,0
2017-05-12,356.05,0,0
2017-05-13,277.33,0,0
2017-05-14,313.8,0,0
2017-05-15,350.68,0,0
2017-05-16,256.51,0,0
2017-05-17,326.27,0,0
2017-05-18,343.41,0,0
2017-05-19,302.67,0,0
2017-05-20,294.61,0,0
2017-05-21,326.46,0,0
2017-05-22,383.28,0,0
2017-05-23,273.03,0,0
2017-05-24,282.09,0,0
2017-05-25,292.5,0,0
2017-05-26,388.21,0,0
2017-05-27,379.88,0,0
2017-05-28,337.06,0,0
2017-05-29,361.14,0,0
2017-05-30,329.5,0,0
2017-05-31,289.78,0,0
2017-06-01,278.78,0,0
2017-06-02,397.02,0,0
2017-06-03,394.63,0,0
2017-06-04,305.6,0,0
2017-06-05,256.04,0,0
2017-06-06,268.09,0,0
2017-06-07,253.89,0,0
2017-06-08,262.38,0,0
2017-06-09,306.61,0,0
2017-06-10,355.72,0,0
2017-06-11,350.79,0,0
2017-06-12,376.52,0,0
2017-06-13,303.14,0,0
2017-06-14,312.24,0,0
2017-06-15,435.16,0,1
2017-06-16,348.09,0,0
2017-06-17,418.9,0,0
2017-06-18,390.93,0,0
2017-06-19,321.75,0,0
2017-06-20,405.89,0,0
2017-06-21,357.4,0,0
2017-06-22,292.53,0,0
2017-06-23,370.26,0,0
2017-06-24,366.97,0,0
2017-06-25,396.27,0,0
2017-06-26,346.46,0,1
2017-06-27,277.39,0,0
2017-06-28,331.47,0,0
2017-06-29,379.54,0,0
2017-06-30,389.8,0,0
2017-07-01,437.3,0,0
2017-07-02,389.08,0,0
2017-07-03,340.79,0,0
2017-07-04,415.18,1,0
2017-07-05,345.24,0,0
2017-07-06,383.39,0,0
2017-07-07,371.2,0,0
2017-07-08,401.54,0,0
2017-07-09,458.62,0,0
2017-07-10,329.89,0,0
2017-07-11,325.54,0,0
2017-07-12,342.41,0,0
2017-07-13,344.04,0,0
2017-07-14,338.45,0,0
2017-07-15,438.98,0,0
2017-07-16,390.95,0,0
2017-07-17,400.45,0,0
2017-07-18,366.19,0,0
2017-07-19,314.98,0,0
2017-07-20,374.31,0,0
2017-07-21,376.24,0,0
2017-07-22,466.61,0,0
2017-07-23,357.05,0,0
2017-07-24,336.23,0,0
2017-07-25,326.87,0,0
2017-07-26,335.18,0,0
2017-07-27,308.12,0,0
2017-07-28,392.17,0,0
2017-07-29,433.05,0,0
2017-07-30,445.86,0,0
2017-07-31,329.6,0,0
2017-08-01,310.9,0,0
2017-08-02,361.09,0,0
2017-08-03,310.55,0,0
2017-08-04,421.59,0,0
2017-08-05,463.24,0,0
2017-08-06,435.62,0,0
2017-08-07,352.33,0,0
2017-08-08,306.56,0,0
2017-08-09,336.57,0,0
2017-08-10,353.02,0,0
2017-08-11,350.36,0,0
2017-08-12,486.25,0,0
2017-08-13,404.68,0,0
2017-08-14,302.56,0,0
2017-08-15,385.8,0,0
2017-08-16,346.7,0,0
2017-08-17,308.43,0,0
2017-08-18,335.74,0,0
2017-08-19,474.75,0,0
2017-08-20,572.94,0,1
2017-08-21,372.93,0,0
2017-08-22,361.46,0,0
2017-08-23,365.65,0,0
2017-08-24,363.09,0,0
2017-08-25,380.17,0,0
2017-08-26,437.6,0,0
2017-08-27,411.9,0,0
2017-08-28,308.2,0,0
2017-08-29,341.29,0,0
2017-08-30,382.02,0,0
2017-08-31,333.43,0,0
2017-09-01,354.48,0,0
2017-09-02,436.01,0,0
2017-09-03,351.11,0,0
2017-09-04,277.47,0,0
2017-09-05,349.29,0,0
2017-09-06,298.0,0,0
2017-09-07,337.39,0,0
2017-09-08,336.49,0,0
2017-09-09,457.04,0,0
2017-09-10,408.64,0,0
2017-09-11,324.66,0,0
2017-09-12,278.48,0,0
2017-09-13,302.83,0,0
2017-09-14,353.41,0,0
2017-09-15,367.51,0,0
2017-09-16,403.52,0,0
2017-09-17,378.72,0,0
2017-09-18,347.82,0,0
2017-09-19,315.96,0,0
2017-09-20,339.91,0,0
2017-09-21,291.65,0,0
2017-09-22,456.27,0,0
2017-09-23,385.22,0,0
2017-09-24,373.37,0,0
2017-09-25,337.54,0,0
2017-09-26,288.3,0,0
2017-09-27,320.83,0,0
2017-09-28,335.2,0,0
2017-09-29,313.12,0,0
2017-09-30,408.83,0,0
2017-10-01,304.73,0,0
2017-10-02,382.27,0,0
2017-10-03,325.91,0,0
2017-10-04,332.08,0,0
2017-10-05,261.49,0,0
2017-10-06,312.06,0,0
2017-10-07,449.48,0,0
2017-10-08,522.67,0,0
2017-10-09,349.6,0,0
2017-10-10,334.8,0,0
2017-10-11,317.21,0,0
2017-10-12,279.32,0,0
2017-10-13,383.51,0,0
2017-10-14,332.96,0,0
2017-10-15,319.61,0,0
2017-10-16,274.01,0,0
2017-10-17,326.22,0,0
2017-10-18,387.73,0,1
2017-10-19,323.17,0,0
2017-10-20,333.0,0,0
2017-10-21,318.04,0,0
2017-10-22,328.91,0,0
2017-10-23,282.34,0,0
2017-10-24,249.6,0,0
2017-10-25,280.74,0,0
2017-10-26,267.84,0,0
2017-10-27,350.93,0,0
2017-10-28,402.89,0,0
2017-10-29,295.27,0,0
2017-10-30,286.93,0,0
2017-10-31,339.73,0,0
2017-11-01,262.81,0,0
2017-11-02,314.75,0,0
2017-11-03,335.5,0,0
2017-11-04,407.26,0,0
2017-11-05,350.85,0,0
2017-11-06,290.95,0,0
2017-11-07,284.75,0,0
2017-11-08,290.15,0,0
2017-11-09,301.34,0,0
2017-11-10,266.61,0,0
2017-11-11,519.83,0,1
2017-11-12,380.64,0,0
2017-11-13,259.11,0,0
2017-11-14,253.88,0,0
2017-11-15,277.15,0,0
2017-11-16,252.89,0,0
2017-11-17,258.0,0,0
2017-11-18,335.18,0,0
2017-11-19,320.3,0,0
2017-11-20,234.29,0,0
2017-11-21,359.19,0,1
2017-11-22,316.11,0,0
2017-11-23,328.96,0,0
2017-11-24,310.06,0,0
2017-11-25,282.6,0,0
2017-11-26,350.12,0,0
2017-11-27,393.31,1,0
2017-11-28,287.92,0,0
2017-11-29,343.88,0,0
2017-11-30,263.49,0,0
2017-12-01,210.94,0,0
2017-12-02,309.26,0,0
2017-12-03,346.79,0,0
2017-12-04,283.78,0,0
2017-12-05,233.38,0,0
2017-12-06,221.88,0,0
2017-12-07,278.02,0,0
2017-12-08,255.93,0,0
2017-12-09,361.84,0,0
2017-12-10,303.34,0,0
2017-12-11,248.43,0,0
2017-12-12,245.07,0,0
2017-12-13,358.9,0,1
2017-12-14,281.48,0,0
2017-12-15,311.89,0,0
2017-12-16,356.63,0,0
2017-12-17,316.55,0,0
2017-12-18,237.34,0,0
2017-12-19,242.55,0,0
2017-12-20,258.54,0,0
2017-12-21,349.25,0,0
2017-12-22,260.07,0,0
2017-12-23,305.45,0,0
2017-12-24,420.95,1,0
2017-12-25,350.39,1,0
2017-12-26,285.59,0,0
2017-12-27,237.78,0,0
2017-12-28,265.48,0,0
2017-12-29,322.1,0,0
2017-12-30,395.32,0,0
2017-12-31,476.77,1,0
2018-01-01,354.7,1,0
2018-01-02,258.22,0,0
2018-01-03,262.27,0,0
2018-01-04,285.49,0,0
2018-01-05,266.45,0,0
2018-01-06,359.16,0,0
2018-01-07,308.32,0,0
2018-01-08,262.53,0,0
2018-01-09,226.06,0,0
2018-01-10,259.4,0,0
2018-01-11,218.87,0,0
2018-01-12,273.76,0,0
2018-01-13,317.57,0,0
2018-01-14,317.11,0,0
2018-01-15,314.76,0,0
2018-01-16,275.01,0,0
2018-01-17,306.09,0,0
2018-01-18,288.99,0,0
2018-01-19,321.19,0,0
2018-01-20,396.39,0,0
2018-01-21,280.47,0,0
2018-01-22,232.43,0,0
2018-01-23,274.73,0,0
2018-01-24,256.93,0,0
2018-01-25,270.27,0,0
2018-01-26,280.92,0,0
2018-01-27,311.6,0,0
2018-01-28,364.8,0,0
2018-01-29,235.89,0,0
2018-01-30,275.28,0,0
2018-01-31,278.27,0,0
2018-02-01,224.76,0,0
2018-02-02,258.76,0,0
2018-02-03,298.61,0,0
2018-02-04,320.81,0,0
2018-02-05,259.8,0,0
2018-02-06,258.2,0,0
2018-02-07,213.65,0,0
2018-02-08,342.01,0,0
2018-02-09,291.99,0,0
2018-02-10,345.25,0,0
2018-02-11,285.1,0,0
2018-02-12,252.47,0,0
2018-02-13,310.08,0,0
2018-02-14,280.23,1,0
2018-02-15,282.89,0,0
2018-02-16,248.95,0,0
2018-02-17,394.36,0,1
2018-02-18,291.38,0,0
2018-02-19,244.48,0,0
2018-02-20,253.08,0,0
2018-02-21,181.61,0,0
2018-02-22,265.96,0,0
2018-02-23,297.8,0,0
2018-02-24,284.25,0,0
2018-02-25,364.95,0,0
2018-02-26,243.68,0,0
2018-02-27,250.22,0,0
2018-02-28,237.56,0,0
2018-03-01,274.33,0,0
2018-03-02,329.78,0,0
2018-03-03,432.9,0,0
2018-03-04,430.86,0,1
2018-03-05,379.36,0,1
2018-03-06,304.37,0,0
2018-03-07,277.73,0,0
2018-03-08,338.08,0,0
2018-03-09,329.46,0,0
2018-03-10,349.93,0,0
2018-03-11,325.96,0,0
2018-03-12,214.37,0,0
2018-03-13,273.52,0,0
2018-03-14,215.83,0,0
2018-03-15,244.24,0,0
2018-03-16,311.58,0,0
2018-03-17,305.06,0,0
2018-03-18,317.52,0,0
2018-03-19,273.44,0,0
2018-03-20,281.23,0,0
2018-03-21,242.08,0,0
2018-03-22,317.45,0,0
2018-03-23,307.61,0,0
2018-03-24,364.5,0,0
2018-03-25,277.77,0,0
2018-03-26,274.45,0,0
2018-03-27,300.52,0,0
2018-03-28,312.68,0,0
2018-03-29,268.64,0,0
2018-03-30,293.91,0,0
2018-03-31,311.1,0,0
2018-04-01,315.84,0,0
2018-04-02,234.45,0,0
2018-04-03,264.46,0,0
2018-04-04,302.29,0,0
2018-04-05,268.85,0,0
2018-04-06,319.8,0,0
2018-04-07,352.12,0,0
2018-04-08,372.96,0,0
2018-04-09,272.18,0,0
2018-04-10,265.27,0,0
2018-04-11,271.13,0,0
2018-04-12,263.94,0,0
2018-04-13,337.77,0,0
2018-04-14,358.73,0,0
2018-04-15,328.22,0,0
2018-04-16,334.68,0,0
2018-04-17,332.26,0,0
2018-04-18,242.04,0,0
2018-04-19,328.22,0,0
2018-04-20,338.89,0,0
2018-04-21,355.68,0,0
2018-04-22,364.21,0,0
2018-04-23,243.92,0,0
2018-04-24,334.58,0,0
2018-04-25,301.76,0,0
2018-04-26,285.25,0,0
2018-04-27,313.88,0,0
2018-04-28,305.32,0,0
2018-04-29,334.61,0,0
2018-04-30,291.81,0,0
2018-05-01,250.0,0,0
2018-05-02,326.79,0,0
2018-05-03,358.67,0,0
2018-05-04,339.21,0,0
2018-05-05,362.12,0,0
2018-05-06,375.47,0,0
2018-05-07,303.55,0,0
2018-05-08,259.76,0,0
2018-05-09,288.38,0,0
2018-05-10,304.22,0,0
2018-05-11,356.98,0,0
2018-05-12,387.41,0,0
2018-05-13,361.19,0,0
2018-05-14,266.91,0,0
2018-05-15,327.01,0,0
2018-05-16,312.6,0,0
2018-05-17,420.53,0,0
2018-05-18,340.94,0,0
2018-05-19,407.18,0,0
2018-05-20,483.48,0,0
2018-05-21,325.68,0,0
2018-05-22,303.65,0,0
2018-05-23,272.86,0,0
2018-05-24,385.41,0,0
2018-05-25,315.07,0,0
2018-05-26,523.41,0,1
2018-05-27,346.77,0,0
2018-05-28,320.21,0,0
2018-05-29,261.45,0,0
2018-05-30,355.92,0,0
2018-05-31,328.31,0,0
2018-06-01,305.32,0,0
2018-06-02,467.33,0,0
2018-06-03,361.13,0,0
2018-06-04,336.36,0,0
2018-06-05,347.31,0,0
2018-06-06,352.17,0,0
2018-06-07,260.97,0,0
2018-06-08,391.13,0,0
2018-06-09,417.68,0,0
2018-06-10,367.52,0,0
2018-06-11,328.28,0,0
2018-06-12,258.17,0,0
2018-06-13,325.4,0,0
2018-06-14,288.63,0,0
2018-06-15,354.88,0,0
2018-06-16,420.88,0,0
2018-06-17,423.11,0,0
2018-06-18,306.06,0,0
2018-06-19,370.07,0,0
2018-06-20,367.58,0,0
2018-06-21,333.05,0,0
2018-06-22,322.68,0,0
2018-06-23,345.16,0,0
2018-06-24,407.66,0,0
2018-06-25,312.92,0,0
2018-06-26,369.28,0,0
2018-06-27,315.47,0,0
2018-06-28,313.57,0,0
2018-06-29,379.3,0,0
2018-06-30,382.76,0,0
2018-07-01,391.22,0,0
2018-07-02,378.92,0,0
2018-07-03,339.17,0,0
2018-07-04,458.99,1,0
2018-07-05,364.0,0,0
2018-07-06,304.39,0,0
2018-07-07,436.49,0,0
2018-07-08,394.3,0,0
2018-07-09,371.36,0,0
2018-07-10,345.6,0,0
2018-07-11,339.92,0,0
2018-07-12,394.14,0,0
2018-07-13,364.74,0,0
2018-07-14,444.5,0,0
2018-07-15,375.76,0,0
2018-07-16,358.72,0,0
2018-07-17,407.1,0,1
2018-07-18,399.46,0,0
2018-07-19,444.02,0,0
2018-07-20,419.11,0,0
2018-07-21,504.57,0,0
2018-07-22,336.55,0,0
2018-07-23,289.45,0,0
2018-07-24,318.15,0,0
2018-07-25,340.63,0,0
2018-07-26,341.55,0,0
2018-07-27,310.69,0,0
2018-07-28,480.68,0,0
2018-07-29,500.5,0,0
2018-07-30,394.96,0,0
2018-07-31,384.31,0,0
2018-08-01,337.67,0,0
2018-08-02,315.52,0,0
2018-08-03,381.05,0,0
2018-08-04,533.11,0,0
2018-08-05,381.87,0,0
2018-08-06,319.0,0,0
2018-08-07,371.93,0,0
2018-08-08,377.69,0,0
2018-08-09,314.18,0,0
2018-08-10,378.47,0,0
2018-08-11,400.95,0,0
2018-08-12,401.13,0,0
2018-08-13,384.11,0,0
2018-08-14,301.36,0,0
2018-08-15,375.5,0,0
2018-08-16,355.73,0,0
2018-08-17,476.9,0,0
2018-08-18,447.03,0,0
2018-08-19,396.52,0,0
2018-08-20,357.32,0,0
2018-08-21,323.49,0,0
2018-08-22,273.46,0,0
2018-08-23,339.5,0,0
2018-08-24,367.1,0,0
2018-08-25,351.9,0,0
2018-08-26,391.24,0,0
2018-08-27,265.21,0,0
2018-08-28,312.25,0,0
2018-08-29,354.99,0,0
2018-08-30,344.1,0,0
2018-08-31,360.62,0,0
2018-09-01,418.55,0,0
2018-09-02,361.2,0,0
2018-09-03,334.88,0,0
2018-09-04,334.95,0,0
2018-09-05,300.18,0,0
2018-09-06,351.91,0,0
2018-09-07,377.24,0,0
2018-09-08,410.6,0,0
2018-09-09,484.42,0,0
2018-09-10,339.23,0,0
2018-09-11,319.72,0,0
2018-09-12,324.83,0,0
2018-09-13,316.52,0,0
2018-09-14,394.95,0,0
2018-09-15,378.41,0,0
2018-09-16,347.95,0,0
2018-09-17,310.7,0,0
2018-09-18,295.47,0,0
2018-09-19,260.67,0,0
2018-09-20,323.02,0,0
2018-09-21,397.63,0,0
2018-09-22,420.69,0,0
2018-09-23,453.49,0,0
2018-09-24,348.51,0,0
2018-09-25,329.74,0,0
2018-09-26,399.19,0,0
2018-09-27,337.87,0,0
2018-09-28,362.57,0,0
2018-09-29,413.46,0,0
2018-09-30,434.58,0,0
2018-10-01,330.07,0,0
2018-10-02,291.75,0,0
2018-10-03,344.57,0,0
2018-10-04,291.96,0,0
2018-10-05,376.75,0,0
2018-10-06,422.52,0,0
2018-10-07,364.69,0,0
2018-10-08,347.64,0,0
2018-10-09,265.92,0,0
2018-10-10,317.7,0,0
2018-10-11,317.02,0,0
2018-10-12,458.62,0,0
2018-10-13,402.54,0,0
2018-10-14,433.08,0,1
2018-10-15,264.93,0,0
2018-10-16,354.55,0,0
2018-10-17,298.08,0,0
2018-10-18,294.1,0,0
2018-10-19,364.28,0,0
2018-10-20,413.88,0,0
2018-10-21,383.89,0,0
2018-10-22,318.77,0,0
2018-10-23,308.24,0,0
2018-10-24,308.96,0,0
2018-10-25,336.98,0,0
2018-10-26,357.06,0,0
2018-10-27,424.06,0,0
2018-10-28,347.62,0,0
2018-10-29,285.3,0,0
2018-10-30,289.12,0,0
2018-10-31,323.0,0,0
2018-11-01,257.34,0,0
2018-11-02,275.98,0,0
2018-11-03,413.67,0,0
2018-11-04,416.42,0,0
2018-11-05,272.06,0,0
2018-11-06,303.88,0,0
2018-11-07,292.46,0,0
2018-11-08,304.41,0,0
2018-11-09,342.36,0,0
2018-11-10,320.43,0,0
2018-11-11,307.66,0,0
2018-11-12,283.55,0,0
2018-11-13,281.24,0,0
2018-11-14,251.69,0,0
2018-11-15,335.24,0,0
2018-11-16,313.97,0,0
2018-11-17,348.23,0,0
2018-11-18,357.68,0,0
2018-11-19,286.15,0,0
2018-11-20,308.53,0,0
2018-11-21,265.29,0,0
2018-11-22,261.15,0,0
2018-11-23,309.08,0,0
2018-11-24,367.09,0,0
2018-11-25,288.17,0,0
2018-11-26,246.05,0,0
2018-11-27,388.77,1,0
2018-11-28,266.22,0,0
2018-11-29,252.85,0,0
2018-11-30,355.13,0,0
2018-12-01,328.41,0,0
2018-12-02,377.96,0,0
2018-12-03,291.42,0,0
2018-12-04,290.64,0,0
2018-12-05,273.52,0,0
2018-12-06,213.61,0,0
2018-12-07,269.74,0,0
2018-12-08,347.25,0,0
2018-12-09,341.58,0,0
2018-12-10,222.01,0,0
2018-12-11,271.78,0,0
2018-12-12,246.87,0,0
2018-12-13,290.24,0,0
2018-12-14,309.55,0,0
2018-12-15,370.21,0,0
2018-12-16,374.52,0,0
2018-12-17,296.43,0,0
2018-12-18,298.25,0,0
2018-12-19,267.87,0,0
2018-12-20,381.5,0,0
2018-12-21,272.46,0,0
2018-12-22,318.83,0,0
2018-12-23,361.4,0,0
2018-12-24,413.27,1,0
2018-12-25,382.75,1,0
2018-12-26,294.66,0,0
2018-12-27,205.09,0,0
2018-12-28,353.6,0,0
2018-12-29,338.69,0,0
2018-12-30,370.02,0,0
2018-12-31,293.1,1,0
2019-01-01,370.52,1,0
2019-01-02,265.46,0,0
2019-01-03,306.97,0,0
2019-01-04,312.71,0,0
2019-01-05,366.07,0,0
2019-01-06,275.48,0,0
2019-01-07,265.33,0,0
2019-01-08,258.17,0,0
2019-01-09,282.09,0,0
2019-01-10,311.36,0,0
2019-01-11,311.42,0,0
2019-01-12,291.8,0,0
2019-01-13,320.14,0,0
2019-01-14,351.88,0,0
2019-01-15,300.69,0,0
2019-01-16,174.08,0,0
2019-01-17,281.4,0,0
2019-01-18,328.03,0,0
2019-01-19,330.59,0,0
2019-01-20,306.55,0,0
2019-01-21,264.03,0,0
2019-01-22,273.15,0,0
2019-01-23,231.42,0,0
2019-01-24,326.12,0,0
2019-01-25,306.68,0,0
2019-01-26,306.31,0,0
2019-01-27,346.34,0,0
2019-01-28,227.47,0,0
2019-01-29,249.44,0,0
2019-01-30,252.57,0,0
2019-01-31,344.28,0,0
2019-02-01,276.51,0,0
2019-02-02,254.95,0,0
2019-02-03,289.58,0,0
2019-02-04,293.04,0,0
2019-02-05,291.23,0,0
2019-02-06,336.05,0,0
2019-02-07,326.82,0,0
2019-02-08,309.93,0,0
2019-02-09,317.72,0,0
2019-02-10,377.34,0,0
2019-02-11,266.55,0,0
2019-02-12,246.0,0,0
2019-02-13,256.33,0,0
2019-02-14,335.94,1,0
2019-02-15,290.84,0,0
2019-02-16,327.99,0,0
2019-02-17,345.86,0,0
2019-02-18,267.35,0,0
2019-02-19,218.83,0,0
2019-02-20,219.82,0,0
2019-02-21,292.75,0,0
2019-02-22,374.68,0,1
2019-02-23,313.37,0,0
2019-02-24,378.33,0,1
2019-02-25,291.14,0,0
2019-02-26,312.17,0,0
2019-02-27,258.93,0,0
2019-02-28,289.84,0,0
2019-03-01,338.03,0,0
2019-03-02,309.92,0,0
2019-03-03,320.49,0,0
2019-03-04,281.68,0,0
2019-03-05,235.56,0,0
2019-03-06,283.6,0,0
2019-03-07,293.1,0,0
2019-03-08,335.83,0,0
2019-03-09,304.21,0,0
2019-03-10,333.46,0,0
2019-03-11,321.48,0,0
2019-03-12,335.93,0,0
2019-03-13,397.09,0,1
2019-03-14,258.64,0,0
2019-03-15,324.48,0,0
2019-03-16,333.06,0,0
2019-03-17,331.07,0,0
2019-03-18,264.27,0,0
2019-03-19,231.04,0,0
2019-03-20,277.36,0,0
2019-03-21,323.76,0,0
2019-03-22,332.17,0,0
2019-03-23,377.29,0,0
2019-03-24,345.32,0,0
2019-03-25,305.52,0,0
2019-03-26,293.73,0,0
2019-03-27,277.64,0,0
2019-03-28,303.22,0,0
2019-03-29,382.32,0,0
2019-03-30,360.66,0,0
2019-03-31,334.32,0,0
2019-04-01,297.75,0,0
2019-04-02,282.31,0,0
2019-04-03,277.48,0,0
2019-04-04,325.23,0,0
2019-04-05,304.06,0,0
2019-04-06,454.95,0,1
2019-04-07,320.4,0,0
2019-04-08,306.45,0,0
2019-04-09,310.63,0,0
2019-04-10,294.17,0,0
2019-04-11,240.97,0,0
2019-04-12,361.59,0,0
2019-04-13,384.96,0,0
2019-04-14,306.64,0,0
2019-04-15,329.39,0,0
2019-04-16,240.35,0,0
2019-04-17,342.35,0,0
2019-04-18,312.81,0,0
2019-04-19,259.5,0,0
2019-04-20,386.24,0,0
2019-04-21,329.28,0,0
2019-04-22,301.14,0,0
2019-04-23,274.2,0,0
2019-04-24,295.58,0,0
2019-04-25,307.25,0,0
2019-04-26,282.34,0,0
2019-04-27,438.09,0,0
2019-04-28,437.25,0,1
2019-04-29,287.59,0,0
2019-04-30,259.22,0,0
2019-05-01,332.33,0,0
2019-05-02,286.13,0,0
2019-05-03,351.72,0,0
2019-05-04,361.8,0,0
2019-05-05,341.99,0,0
2019-05-06,283.2,0,0
2019-05-07,276.07,0,0
2019-05-08,315.81,0,0
2019-05-09,349.11,0,0
2019-05-10,332.18,0,0
2019-05-11,395.86,0,0
2019-05-12,413.64,0,0
2019-05-13,268.76,0,0
2019-05-14,310.58,0,0
2019-05-15,290.13,0,0
2019-05-16,303.47,0,0
2019-05-17,361.56,0,0
2019-05-18,381.43,0,0
2019-05-19,327.61,0,0
2019-05-20,373.43,0,0
2019-05-21,347.88,0,0
2019-05-22,255.77,0,0
2019-05-23,284.55,0,0
2019-05-24,391.83,0,0
2019-05-25,397.83,0,0
2019-05-26,443.32,0,0
2019-05-27,348.07,0,0
2019-05-28,328.25,0,0
2019-05-29,292.11,0,0
2019-05-30,357.16,0,0
2019-05-31,320.47,0,0
2019-06-01,475.01,0,0
2019-06-02,409.78,0,0
2019-06-03,300.55,0,0
2019-06-04,348.59,0,0
2019-06-05,419.12,0,0
2019-06-06,338.71,0,0
2019-06-07,393.19,0,0
2019-06-08,402.02,0,0
2019-06-09,397.63,0,0
2019-06-10,275.61,0,0
2019-06-11,334.65,0,0
2019-06-12,334.94,0,0
2019-06-13,427.98,0,0
2019-06-14,294.89,0,0
2019-06-15,411.4,0,0
2019-06-16,449.78,0,0
2019-06-17,322.46,0,0
2019-06-18,328.14,0,0
2019-06-19,298.08,0,0
2019-06-20,315.89,0,0
2019-06-21,308.7,0,0
2019-06-22,394.69,0,0
2019-06-23,350.56,0,0
2019-06-24,353.0,0,0
2019-06-25,303.85,0,0
2019-06-26,321.64,0,0
2019-06-27,345.27,0,0
2019-06-28,374.67,0,0
2019-06-29,403.04,0,0
2019-06-30,359.02,0,0
2019-07-01,344.3,0,0
2019-07-02,384.95,0,0
2019-07-03,347.98,0,0
2019-07-04,456.73,1,0
2019-07-05,384.32,0,0
2019-07-06,334.75,0,0
2019-07-07,395.61,0,0
2019-07-08,333.76,0,0
2019-07-09,307.39,0,0
2019-07-10,312.64,0,0
2019-07-11,338.89,0,0
2019-07-12,436.97,0,0
2019-07-13,484.14,0,0
2019-07-14,366.52,0,0
2019-07-15,330.02,0,0
2019-07-16,320.92,0,0
2019-07-17,385.84,0,0
2019-07-18,368.08,0,0
2019-07-19,390.97,0,0
2019-07-20,461.55,0,0
2019-07-21,378.38,0,0
2019-07-22,401.67,0,0
2019-07-23,338.61,0,0
2019-07-24,324.19,0,0
2019-07-25,358.01,0,0
2019-07-26,440.79,0,0
2019-07-27,422.47,0,0
2019-07-28,443.15,0,0
2019-07-29,335.39,0,0
2019-07-30,319.38,0,0
2019-07-31,385.65,0,0
2019-08-01,334.08,0,0
2019-08-02,427.5,0,0
2019-08-03,461.71,0,0
2019-08-04,366.18,0,0
2019-08-05,348.08,0,0
2019-08-06,320.71,0,0
2019-08-07,369.27,0,0
2019-08-08,435.09,0,0
2019-08-09,369.03,0,0
2019-08-10,464.77,0,0
2019-08-11,412.77,0,0
2019-08-12,349.75,0,0
2019-08-13,338.25,0,0
2019-08-14,322.37,0,0
2019-08-15,382.45,0,0
2019-08-16,378.25,0,0
2019-08-17,392.86,0,0
2019-08-18,461.05,0,0
2019-08-19,355.2,0,0
2019-08-20,336.19,0,0
2019-08-21,408.18,0,0
2019-08-22,292.88,0,0
2019-08-23,436.61,0,0
2019-08-24,386.71,0,0
2019-08-25,413.19,0,0
2019-08-26,330.66,0,0
2019-08-27,306.3,0,0
2019-08-28,406.5,0,0
2019-08-29,435.6,0,0
2019-08-30,374.31,0,0
2019-08-31,442.95,0,0
2019-09-01,411.38,0,0
2019-09-02,413.84,0,0
2019-09-03,315.21,0,1
2019-09-04,357.71,0,0
2019-09-05,324.02,0,0
2019-09-06,281.43,0,0
2019-09-07,412.67,0,0
2019-09-08,476.93,0,0
2019-09-09,317.82,0,0
2019-09-10,359.21,0,0
2019-09-11,382.08,0,0
2019-09-12,349.28,0,0
2019-09-13,382.31,0,0
2019-09-14,341.24,0,0
2019-09-15,368.45,0,0
2019-09-16,377.37,0,0
2019-09-17,339.16,0,0
2019-09-18,360.8,0,0
2019-09-19,360.15,0,0
2019-09-20,469.16,0,0
2019-09-21,405.89,0,0
2019-09-22,464.72,0,0
2019-09-23,344.13,0,0
2019-09-24,388.64,0,0
2019-09-25,284.18,0,0
2019-09-26,359.29,0,0
2019-09-27,356.03,0,0
2019-09-28,537.45,0,1
2019-09-29,445.67,0,0
2019-09-30,346.09,0,0
2019-10-01,373.89,0,0
2019-10-02,293.46,0,0
2019-10-03,322.64,0,0
2019-10-04,362.06,0,0
2019-10-05,413.69,0,0
2019-10-06,378.59,0,0
2019-10-07,302.01,0,0
2019-10-08,360.9,0,0
2019-10-09,302.93,0,0
2019-10-10,391.69,0,0
2019-10-11,363.04,0,0
2019-10-12,426.75,0,0
2019-10-13,403.07,0,0
2019-10-14,292.15,0,0
2019-10-15,332.3,0,0
2019-10-16,389.74,0,0
2019-10-17,354.74,0,0
2019-10-18,393.25,0,0
2019-10-19,435.48,0,0
2019-10-20,386.2,0,0
2019-10-21,321.42,0,0
2019-10-22,329.88,0,0
2019-10-23,348.77,0,0
2019-10-24,284.93,0,0
2019-10-25,362.31,0,0
2019-10-26,381.89,0,0
2019-10-27,356.86,0,0
2019-10-28,366.04,0,0
2019-10-29,287.26,0,0
2019-10-30,264.4,0,0
2019-10-31,346.82,0,0
2019-11-01,297.38,0,0
2019-11-02,308.63,0,0
2019-11-03,407.84,0,0
2019-11-04,319.77,0,0
2019-11-05,319.17,0,0
2019-11-06,296.62,0,0
2019-11-07,338.36,0,1
2019-11-08,296.3,0,0
2019-11-09,374.27,0,0
2019-11-10,304.51,0,0
2019-11-11,319.11,0,0
2019-11-12,293.88,0,0
2019-11-13,316.75,0,0
2019-11-14,324.64,0,0
2019-11-15,361.92,0,0
2019-11-16,397.82,0,0
2019-11-17,353.53,0,0
2019-11-18,309.43,0,0
2019-11-19,313.02,0,0
2019-11-20,230.7,0,0
2019-11-21,326.9,0,0
2019-11-22,347.99,0,0
2019-11-23,397.8,0,0
2019-11-24,297.4,0,0
2019-11-25,293.64,0,0
2019-11-26,251.39,0,0
2019-11-27,436.6,1,0
2019-11-28,256.78,0,0
2019-11-29,297.87,0,0
2019-11-30,399.54,0,0
2019-12-01,323.31,0,0
2019-12-02,265.47,0,0
2019-12-03,319.16,0,0
2019-12-04,317.06,0,0
2019-12-05,325.53,0,0
2019-12-06,355.07,0,0
2019-12-07,361.15,0,0
2019-12-08,335.49,0,0
2019-12-09,275.84,0,0
2019-12-10,289.49,0,0
2019-12-11,269.31,0,0
2019-12-12,295.02,0,0
2019-12-13,340.86,0,0
2019-12-14,411.79,0,0
2019-12-15,351.61,0,0
2019-12-16,351.19,0,0
2019-12-17,256.49,0,0
2019-12-18,234.28,0,0
2019-12-19,329.23,0,0
2019-12-20,297.56,0,0
2019-12-21,348.84,0,0
2019-12-22,266.87,0,0
2019-12-23,273.77,0,0
2019-12-24,309.12,1,0
2019-12-25,370.03,1,0
2019-12-26,284.97,0,0
2019-12-27,319.77,0,0
2019-12-28,405.23,0,0
2019-12-29,353.41,0,0
2019-12-30,236.95,0,0
2019-12-31,399.82,1,0
2020-01-01,399.08,1,0
2020-01-02,296.14,0,0
2020-01-03,316.44,0,0
2020-01-04,364.11,0,0
2020-01-05,313.2,0,0
2020-01-06,273.39,0,0
2020-01-07,309.62,0,0
2020-01-08,249.26,0,0
2020-01-09,261.93,0,0
2020-01-10,315.01,0,0
2020-01-11,302.73,0,0
2020-01-12,272.52,0,0
2020-01-13,268.27,0,0
2020-01-14,315.37,0,0
2020-01-15,278.72,0,0
2020-01-16,304.75,0,0
2020-01-17,234.39,0,0
2020-01-18,368.51,0,0
2020-01-19,333.55,0,0
2020-01-20,263.97,0,0
2020-01-21,281.2,0,0
2020-01-22,287.66,0,0
2020-01-23,253.81,0,0
2020-01-24,330.93,0,0
2020-01-25,395.1,0,0
2020-01-26,316.5,0,0
2020-01-27,261.32,0,0
2020-01-28,264.08,0,0
2020-01-29,306.28,0,0
2020-01-30,247.59,0,0
2020-01-31,343.56,0,0
2020-02-01,335.2,0,0
2020-02-02,334.23,0,0
2020-02-03,266.81,0,0
2020-02-04,255.89,0,0
2020-02-05,323.89,0,0
2020-02-06,246.39,0,0
2020-02-07,328.23,0,0
2020-02-08,409.7,0,0
2020-02-09,352.91,0,0
2020-02-10,240.93,0,0
2020-02-11,236.71,0,0
2020-02-12,256.33,0,0
2020-02-13,295.22,0,0
2020-02-14,437.45,1,0
2020-02-15,305.45,0,0
2020-02-16,303.86,0,0
2020-02-17,260.99,0,0
2020-02-18,268.66,0,0
2020-02-19,345.84,0,0
2020-02-20,253.54,0,0
2020-02-21,291.52,0,0
2020-02-22,311.39,0,0
2020-02-23,364.51,0,0
2020-02-24,280.07,0,0
2020-02-25,244.1,0,0
2020-02-26,273.85,0,0
2020-02-27,271.79,0,0
2020-02-28,329.24,0,0
2020-02-29,463.25,0,0
2020-03-01,350.19,0,0
2020-03-02,277.71,0,0
2020-03-03,260.33,0,0
2020-03-04,237.16,0,0
2020-03-05,315.57,0,0
2020-03-06,342.15,0,0
2020-03-07,343.96,0,0
2020-03-08,391.18,0,0
2020-03-09,296.49,0,0
2020-03-10,313.37,0,0
2020-03-11,375.94,0,1
2020-03-12,297.45,0,0
2020-03-13,302.08,0,0
2020-03-14,351.74,0,0
2020-03-15,369.49,0,0
2020-03-16,276.05,0,0
2020-03-17,303.64,0,0
2020-03-18,252.39,0,0
2020-03-19,335.02,0,0
2020-03-20,341.56,0,0
2020-03-21,323.91,0,0
2020-03-22,339.71,0,0
2020-03-23,336.02,0,0
2020-03-24,248.68,0,0
2020-03-25,263.58,0,0
2020-03-26,302.9,0,0
2020-03-27,404.64,0,0
2020-03-28,354.61,0,0
2020-03-29,363.71,0,0
2020-03-30,313.64,0,0
2020-03-31,276.5,0,0
2020-04-01,310.98,0,0
2020-04-02,363.89,0,1
2020-04-03,327.44,0,0
2020-04-04,309.13,0,0
2020-04-05,349.7,0,0
2020-04-06,335.06,0,0
2020-04-07,378.77,0,1
2020-04-08,344.2,0,0
2020-04-09,337.31,0,0
2020-04-10,333.13,0,0
2020-04-11,352.22,0,0
2020-04-12,343.37,0,0
2020-04-13,253.9,0,0
2020-04-14,291.9,0,0
2020-04-15,326.91,0,0
2020-04-16,385.48,0,0
2020-04-17,369.94,0,0
2020-04-18,347.41,0,0
2020-04-19,300.35,0,0
2020-04-20,311.97,0,0
2020-04-21,331.75,0,0
2020-04-22,311.43,0,0
2020-04-23,347.41,0,0
2020-04-24,362.08,0,0
2020-04-25,424.48,0,0
2020-04-26,306.61,0,0
2020-04-27,372.35,0,0
2020-04-28,278.1,0,0
2020-04-29,348.31,0,0
2020-04-30,398.36,0,1
2020-05-01,350.92,0,0
2020-05-02,398.25,0,0
2020-05-03,392.4,0,0
2020-05-04,334.39,0,0
2020-05-05,349.88,0,0
2020-05-06,382.11,0,0
2020-05-07,348.93,0,0
2020-05-08,431.4,0,0
2020-05-09,417.21,0,0
2020-05-10,419.51,0,0
2020-05-11,340.67,0,0
2020-05-12,299.16,0,0
2020-05-13,340.23,0,0
2020-05-14,366.31,0,0
2020-05-15,369.73,0,0
2020-05-16,431.74,0,0
2020-05-17,428.8,0,0
2020-05-18,332.82,0,0
2020-05-19,222.48,0,0
2020-05-20,398.0,0,0
2020-05-21,344.12,0,0
2020-05-22,423.02,0,1
2020-05-23,365.66,0,0
2020-05-24,383.59,0,0
2020-05-25,324.79,0,0
2020-05-26,299.46,0,0
2020-05-27,305.79,0,0
2020-05-28,378.0,0,0
2020-05-29,453.11,0,0
2020-05-30,454.38,0,0
2020-05-31,444.06,0,0
2020-06-01,328.87,0,0
2020-06-02,330.85,0,0
2020-06-03,357.18,0,0
2020-06-04,330.74,0,0
2020-06-05,360.91,0,0
2020-06-06,479.53,0,0
2020-06-07,450.77,0,0
2020-06-08,354.71,0,0
2020-06-09,284.61,0,0
2020-06-10,325.39,0,0
2020-06-11,304.44,0,0
2020-06-12,397.74,0,0
2020-06-13,440.73,0,0
2020-06-14,393.44,0,0
2020-06-15,353.2,0,0
2020-06-16,351.45,0,0
2020-06-17,358.1,0,0
2020-06-18,312.2,0,0
2020-06-19,371.62,0,0
2020-06-20,450.79,0,0
2020-06-21,470.04,0,0
2020-06-22,345.06,0,0
2020-06-23,366.24,0,0
2020-06-24,387.16,0,0
2020-06-25,353.22,0,0
2020-06-26,446.8,0,0
2020-06-27,503.15,0,0
2020-06-28,474.34,0,0
2020-06-29,373.16,0,0
2020-06-30,431.44,0,0
2020-07-01,330.01,0,0
2020-07-02,462.44,0,0
2020-07-03,434.03,0,0
2020-07-04,686.89,1,0
2020-07-05,402.59,0,0
2020-07-06,386.03,0,0
2020-07-07,405.37,0,0
2020-07-08,308.42,0,0
2020-07-09,367.22,0,0
2020-07-10,318.46,0,0
2020-07-11,435.02,0,0
2020-07-12,393.84,0,0
2020-07-13,353.86,0,0
2020-07-14,457.31,0,0
2020-07-15,420.05,0,0
2020-07-16,324.93,0,0
2020-07-17,425.62,0,0
2020-07-18,484.93,0,0
2020-07-19,401.58,0,0
2020-07-20,370.51,0,0
2020-07-21,360.57,0,0
2020-07-22,306.46,0,0
2020-07-23,339.6,0,0
2020-07-24,401.75,0,0
2020-07-25,457.56,0,0
2020-07-26,386.01,0,0
2020-07-27,327.84,0,0
2020-07-28,352.48,0,0
2020-07-29,385.86,0,0
2020-07-30,358.55,0,0
2020-07-31,472.8,0,0
2020-08-01,414.68,0,0
2020-08-02,421.44,0,0
2020-08-03,339.45,0,0
2020-08-04,382.98,0,0
2020-08-05,329.76,0,0
2020-08-06,452.71,0,0
2020-08-07,418.04,0,1
2020-08-08,539.42,0,0
2020-08-09,431.92,0,0
2020-08-10,377.79,0,0
2020-08-11,395.51,0,0
2020-08-12,394.52,0,0
2020-08-13,344.92,0,0
2020-08-14,431.86,0,0
2020-08-15,532.49,0,0
2020-08-16,380.65,0,0
2020-08-17,449.78,0,0
2020-08-18,368.7,0,0
2020-08-19,337.58,0,0
2020-08-20,337.66,0,0
2020-08-21,384.23,0,0
2020-08-22,349.3,0,0
2020-08-23,392.08,0,0
2020-08-24,345.12,0,0
2020-08-25,305.41,0,0
2020-08-26,381.76,0,0
2020-08-27,357.14,0,0
2020-08-28,361.76,0,0
2020-08-29,438.5,0,0
2020-08-30,427.79,0,0
2020-08-31,361.86,0,0
2020-09-01,310.29,0,0
2020-09-02,364.6,0,0
2020-09-03,366.38,0,0
2020-09-04,341.93,0,0
2020-09-05,425.55,0,0
2020-09-06,441.93,0,0
2020-09-07,362.47,0,0
2020-09-08,330.51,0,0
2020-09-09,375.88,0,0
2020-09-10,324.9,0,0
2020-09-11,362.26,0,0
2020-09-12,424.52,0,0
2020-09-13,480.29,0,0
2020-09-14,367.41,0,0
2020-09-15,333.52,0,0
2020-09-16,403.08,0,0
2020-09-17,343.91,0,0
2020-09-18,485.95,0,0
2020-09-19,418.2,0,0
2020-09-20,362.13,0,0
2020-09-21,348.56,0,0
2020-09-22,341.0,0,0
2020-09-23,317.73,0,0
2020-09-24,455.26,0,0
2020-09-25,396.94,0,0
2020-09-26,458.87,0,0
2020-09-27,378.71,0,0
2020-09-28,330.77,0,0
2020-09-29,371.07,0,0
2020-09-30,279.38,0,0
2020-10-01,308.09,0,0
2020-10-02,369.58,0,0
2020-10-03,489.61,0,0
2020-10-04,371.5,0,0
2020-10-05,354.71,0,0
2020-10-06,324.81,0,0
2020-10-07,382.52,0,0
2020-10-08,285.25,0,0
2020-10-09,410.05,0,0
2020-10-10,416.23,0,0
2020-10-11,433.72,0,0
2020-10-12,300.47,0,0
2020-10-13,326.35,0,0
2020-10-14,321.97,0,0
2020-10-15,307.09,0,0
2020-10-16,321.14,0,0
2020-10-17,393.53,0,0
2020-10-18,394.1,0,0
2020-10-19,311.5,0,0
2020-10-20,311.43,0,0
2020-10-21,258.95,0,0
2020-10-22,331.97,0,0
2020-10-23,410.88,0,0
2020-10-24,438.83,0,0
2020-10-25,379.42,0,0
2020-10-26,335.9,0,0
2020-10-27,278.61,0,0
2020-10-28,383.94,0,0
2020-10-29,407.18,0,0
2020-10-30,368.55,0,0
2020-10-31,511.73,0,0
2020-11-01,344.35,0,0
2020-11-02,277.39,0,0
2020-11-03,294.88,0,0
2020-11-04,309.14,0,0
2020-11-05,411.65,0,0
2020-11-06,346.36,0,0
2020-11-07,359.98,0,0
2020-11-08,338.31,0,0
2020-11-09,354.86,0,0
2020-11-10,344.08,0,0
2020-11-11,310.74,0,0
2020-11-12,259.13,0,0
2020-11-13,308.15,0,0
2020-11-14,459.63,0,0
2020-11-15,389.54,0,0
2020-11-16,320.12,0,0
2020-11-17,366.05,0,0
2020-11-18,381.12,0,0
2020-11-19,324.52,0,0
2020-11-20,338.89,0,0
2020-11-21,368.5,0,0
2020-11-22,343.76,0,0
2020-11-23,256.7,0,0
2020-11-24,252.85,0,0
2020-11-25,256.7,0,0
2020-11-26,352.63,0,0
2020-11-27,382.86,1,0
2020-11-28,466.4,0,0
2020-11-29,331.39,0,0
2020-11-30,372.28,0,0
2020-12-01,283.39,0,0
2020-12-02,256.1,0,0
2020-12-03,366.89,0,0
2020-12-04,496.06,0,1
2020-12-05,343.57,0,0
2020-12-06,340.48,0,0
2020-12-07,271.32,0,0
2020-12-08,282.72,0,0
2020-12-09,302.0,0,0
2020-12-10,300.6,0,0
2020-12-11,266.53,0,0
2020-12-12,353.7,0,0
2020-12-13,368.45,0,0
2020-12-14,292.92,0,0
2020-12-15,290.32,0,0
2020-12-16,271.32,0,0
2020-12-17,291.27,0,0
2020-12-18,383.71,0,0
2020-12-19,322.62,0,0
2020-12-20,363.96,0,0
2020-12-21,301.7,0,0
2020-12-22,283.62,0,0
2020-12-23,268.69,0,0
2020-12-24,397.29,1,0
2020-12-25,439.79,1,0
2020-12-26,357.57,0,0
2020-12-27,364.07,0,0
2020-12-28,315.48,0,0
2020-12-29,349.5,0,0
2020-12-30,310.27,0,0
2020-12-31,407.98,1,1
2021-01-01,490.54,1,0
2021-01-02,357.15,0,0
2021-01-03,420.18,0,0
2021-01-04,337.98,0,0
2021-01-05,268.91,0,0
2021-01-06,314.54,0,0
2021-01-07,276.81,0,0
2021-01-08,322.14,0,0
2021-01-09,385.06,0,0
2021-01-10,384.11,0,0
2021-01-11,316.25,0,0
2021-01-12,286.44,0,0
2021-01-13,360.54,0,0
2021-01-14,283.03,0,0
2021-01-15,259.25,0,0
2021-01-16,304.08,0,0
2021-01-17,392.75,0,0
2021-01-18,290.47,0,0
2021-01-19,277.89,0,0
2021-01-20,269.84,0,0
2021-01-21,281.35,0,0
2021-01-22,296.26,0,0
2021-01-23,378.54,0,0
2021-01-24,332.62,0,0
2021-01-25,300.89,0,0
2021-01-26,300.65,0,0
2021-01-27,267.74,0,0
2021-01-28,249.77,0,0
2021-01-29,267.23,0,0
2021-01-30,480.14,0,0
2021-01-31,485.52,0,1
2021-02-01,324.68,0,0
2021-02-02,257.38,0,0
2021-02-03,283.45,0,0
2021-02-04,281.75,0,0
2021-02-05,286.72,0,0
2021-02-06,338.15,0,0
2021-02-07,379.66,0,0
2021-02-08,322.22,0,0
2021-02-09,247.45,0,0
2021-02-10,276.05,0,0
2021-02-11,322.94,0,0
2021-02-12,300.19,0,0
2021-02-13,364.61,0,0
2021-02-14,471.04,1,0
2021-02-15,301.9,0,0
2021-02-16,296.82,0,0
2021-02-17,269.15,0,0
2021-02-18,285.06,0,0
2021-02-19,273.04,0,0
2021-02-20,307.23,0,0
2021-02-21,333.05,0,0
2021-02-22,326.66,0,0
2021-02-23,242.99,0,0
2021-02-24,298.05,0,0
2021-02-25,322.76,0,0
2021-02-26,271.79,0,0
2021-02-27,360.94,0,0
2021-02-28,409.82,0,0
2021-03-01,323.99,0,0
2021-03-02,229.75,0,0
2021-03-03,322.57,0,0
2021-03-04,279.73,0,0
2021-03-05,358.56,0,0
2021-03-06,339.81,0,0
2021-03-07,341.9,0,0
2021-03-08,282.39,0,0
2021-03-09,284.34,0,0
2021-03-10,280.42,0,0
2021-03-11,301.25,0,0
2021-03-12,280.1,0,0
2021-03-13,392.89,0,0
2021-03-14,355.09,0,0
2021-03-15,253.23,0,0
2021-03-16,327.23,0,0
2021-03-17,302.0,0,0
2021-03-18,322.09,0,0
2021-03-19,362.46,0,0
2021-03-20,392.65,0,0
2021-03-21,397.8,0,0
2021-03-22,298.94,0,0
2021-03-23,331.36,0,0
2021-03-24,305.21,0,0
2021-03-25,335.54,0,0
2021-03-26,358.52,0,0
2021-03-27,431.38,0,0
2021-03-28,388.68,0,0
2021-03-29,287.3,0,0
2021-03-30,355.33,0,1
2021-03-31,309.15,0,0
2021-04-01,303.16,0,0
2021-04-02,300.01,0,0
2021-04-03,303.71,0,0
2021-04-04,306.2,0,0
2021-04-05,382.3,0,0
2021-04-06,281.27,0,0
2021-04-07,372.44,0,0
2021-04-08,334.13,0,0
2021-04-09,344.73,0,0
2021-04-10,323.17,0,0
2021-04-11,376.74,0,0
2021-04-12,377.84,0,0
2021-04-13,363.29,0,0
2021-04-14,328.63,0,0
2021-04-15,291.01,0,0
2021-04-16,320.23,0,0
2021-04-17,367.44,0,0
2021-04-18,424.22,0,0
2021-04-19,382.08,0,0
2021-04-20,319.29,0,0
2021-04-21,317.28,0,0
2021-04-22,403.57,0,0
2021-04-23,315.81,0,0
2021-04-24,398.23,0,0
2021-04-25,401.49,0,0
2021-04-26,302.47,0,0
2021-04-27,306.07,0,0
2021-04-28,304.25,0,0
2021-04-29,400.82,0,0
2021-04-30,451.17,0,0
2021-05-01,528.79,0,1
2021-05-02,377.88,0,0
2021-05-03,304.64,0,0
2021-05-04,323.19,0,0
2021-05-05,312.34,0,0
2021-05-06,341.45,0,0
2021-05-07,387.75,0,0
2021-05-08,407.06,0,0
2021-05-09,378.38,0,0
2021-05-10,334.85,0,0
2021-05-11,317.86,0,0
2021-05-12,314.93,0,0
2021-05-13,374.48,0,0
2021-05-14,294.45,0,0
2021-05-15,499.43,0,0
2021-05-16,401.26,0,0
2021-05-17,361.22,0,0
2021-05-18,349.31,0,0
2021-05-19,315.73,0,0
2021-05-20,318.6,0,0
2021-05-21,334.41,0,0
2021-05-22,412.77,0,0
2021-05-23,538.46,0,1
2021-05-24,326.93,0,0
2021-05-25,357.35,0,0
2021-05-26,248.77,0,0
2021-05-27,344.17,0,0
2021-05-28,440.87,0,0
2021-05-29,426.65,0,0
2021-05-30,369.18,0,0
2021-05-31,324.1,0,0
2021-06-01,222.69,0,0
2021-06-02,305.15,0,0
2021-06-03,398.0,0,0
2021-06-04,371.48,0,0
2021-06-05,419.51,0,0
2021-06-06,305.62,0,0
2021-06-07,292.85,0,0
2021-06-08,391.16,0,0
2021-06-09,372.65,0,0
2021-06-10,313.8,0,0
2021-06-11,365.04,0,0
2021-06-12,455.44,0,0
2021-06-13,365.3,0,0
2021-06-14,280.47,0,0
2021-06-15,348.59,0,0
2021-06-16,384.51,0,0
2021-06-17,388.81,0,0
2021-06-18,435.83,0,0
2021-06-19,371.76,0,0
2021-06-20,424.33,0,0
2021-06-21,350.15,0,0
2021-06-22,347.09,0,0
2021-06-23,435.98,0,1
2021-06-24,352.72,0,0
2021-06-25,261.27,0,0
2021-06-26,507.8,0,0
2021-06-27,428.04,0,0
2021-06-28,300.08,0,0
2021-06-29,373.61,0,0
2021-06-30,345.54,0,0
2021-07-01,358.45,0,0
2021-07-02,376.14,0,0
2021-07-03,488.91,0,0
2021-07-04,522.62,1,0
2021-07-05,324.1,0,0
2021-07-06,397.87,0,0
2021-07-07,359.83,0,0
2021-07-08,367.49,0,0
2021-07-09,447.01,0,0
2021-07-10,429.83,0,0
2021-07-11,399.01,0,0
2021-07-12,377.46,0,0
2021-07-13,299.04,0,0
2021-07-14,372.74,0,0
2021-07-15,352.33,0,0
2021-07-16,445.42,0,0
2021-07-17,494.85,0,0
2021-07-18,448.21,0,0
2021-07-19,316.97,0,0
2021-07-20,357.71,0,0
2021-07-21,312.48,0,0
2021-07-22,391.33,0,0
2021-07-23,310.99,0,0
2021-07-24,384.57,0,0
2021-07-25,489.06,0,0
2021-07-26,380.25,0,0
2021-07-27,336.46,0,0
2021-07-28,330.42,0,0
2021-07-29,344.24,0,0
2021-07-30,526.3,0,1
2021-07-31,452.38,0,0
2021-08-01,509.77,0,0
2021-08-02,363.93,0,0
2021-08-03,367.88,0,0
2021-08-04,318.93,0,0
2021-08-05,367.44,0,0
2021-08-06,417.27,0,0
2021-08-07,442.88,0,0
2021-08-08,394.73,0,0
2021-08-09,385.81,0,0
2021-08-10,422.73,0,0
2021-08-11,373.55,0,0
2021-08-12,432.34,0,0
2021-08-13,437.46,0,0
2021-08-14,505.13,0,0
2021-08-15,408.41,0,0
2021-08-16,359.96,0,0
2021-08-17,347.29,0,0
2021-08-18,394.77,0,0
2021-08-19,419.51,0,0
2021-08-20,415.38,0,0
2021-08-21,506.78,0,0
2021-08-22,395.09,0,0
2021-08-23,505.56,0,1
2021-08-24,403.33,0,0
2021-08-25,388.26,0,0
2021-08-26,380.34,0,0
2021-08-27,438.85,0,0
2021-08-28,412.16,0,0
2021-08-29,437.77,0,0
2021-08-30,372.21,0,0
2021-08-31,290.4,0,0
2021-09-01,386.02,0,0
2021-09-02,320.29,0,0
2021-09-03,382.1,0,0
2021-09-04,444.85,0,0
2021-09-05,393.75,0,0
2021-09-06,369.67,0,0
2021-09-07,356.87,0,0
2021-09-08,329.06,0,0
2021-09-09,388.07,0,0
2021-09-10,362.63,0,0
2021-09-11,561.57,0,0
2021-09-12,410.64,0,0
2021-09-13,313.84,0,0
2021-09-14,313.31,0,0
2021-09-15,407.26,0,0
2021-09-16,347.74,0,0
2021-09-17,338.2,0,0
2021-09-18,492.13,0,0
2021-09-19,392.18,0,0
2021-09-20,383.44,0,0
2021-09-21,384.86,0,0
2021-09-22,364.62,0,0
2021-09-23,468.9,0,0
2021-09-24,319.87,0,0
2021-09-25,400.99,0,0
2021-09-26,394.31,0,0
2021-09-27,444.65,0,0
2021-09-28,411.77,0,0
2021-09-29,394.99,0,0
2021-09-30,335.7,0,0
2021-10-01,367.35,0,0
2021-10-02,394.5,0,0
2021-10-03,368.63,0,0
2021-10-04,405.11,0,0
2021-10-05,322.11,0,0
2021-10-06,352.2,0,0
2021-10-07,389.05,0,0
2021-10-08,310.82,0,0
2021-10-09,429.59,0,0
2021-10-10,352.17,0,0
2021-10-11,332.47,0,0
2021-10-12,321.19,0,0
2021-10-13,312.08,0,0
2021-10-14,357.45,0,0
2021-10-15,393.11,0,0
2021-10-16,416.63,0,0
2021-10-17,412.92,0,0
2021-10-18,312.98,0,0
2021-10-19,357.06,0,0
2021-10-20,330.21,0,0
2021-10-21,326.12,0,0
2021-10-22,335.07,0,0
2021-10-23,407.42,0,0
2021-10-24,468.19,0,0
2021-10-25,337.59,0,0
2021-10-26,277.1,0,0
2021-10-27,365.29,0,0
2021-10-28,328.45,0,0
2021-10-29,382.86,0,0
2021-10-30,390.91,0,0
2021-10-31,440.69,0,0
2021-11-01,309.15,0,0
2021-11-02,378.94,0,0
2021-11-03,289.82,0,0
2021-11-04,338.87,0,0
2021-11-05,421.45,0,0
2021-11-06,418.76,0,0
2021-11-07,477.54,0,0
2021-11-08,321.22,0,0
2021-11-09,325.73,0,0
2021-11-10,393.75,0,0
2021-11-11,289.65,0,0
2021-11-12,301.89,0,0
2021-11-13,375.63,0,0
2021-11-14,404.73,0,0
2021-11-15,262.0,0,0
2021-11-16,336.44,0,0
2021-11-17,343.38,0,0
2021-11-18,405.38,0,0
2021-11-19,394.77,0,0
2021-11-20,423.69,0,0
2021-11-21,432.0,0,0
2021-11-22,345.76,0,0
2021-11-23,292.78,0,0
2021-11-24,274.4,0,0
2021-11-25,313.89,0,0
2021-11-26,349.87,0,0
2021-11-27,541.45,1,0
2021-11-28,277.2,0,0
2021-11-29,307.27,0,0
2021-11-30,312.29,0,0
2021-12-01,324.4,0,0
2021-12-02,387.33,0,0
2021-12-03,352.15,0,0
2021-12-04,350.91,0,0
2021-12-05,290.46,0,0
2021-12-06,336.47,0,0
2021-12-07,273.01,0,0
2021-12-08,336.87,0,0
2021-12-09,368.93,0,0
2021-12-10,292.79,0,0
2021-12-11,410.55,0,0
2021-12-12,410.66,0,0
2021-12-13,342.12,0,0
2021-12-14,229.01,0,0
2021-12-15,274.42,0,0
2021-12-16,277.9,0,0
2021-12-17,357.2,0,0
2021-12-18,389.25,0,0
2021-12-19,251.08,0,0
2021-12-20,296.03,0,0
2021-12-21,320.79,0,0
2021-12-22,313.11,0,0
2021-12-23,307.57,0,0
2021-12-24,446.3,1,0
2021-12-25,458.27,1,0
2021-12-26,349.85,0,0
2021-12-27,304.59,0,0
2021-12-28,317.64,0,0
2021-12-29,326.99,0,0
2021-12-30,313.56,0,0
2021-12-31,499.92,1,0
2022-01-01,498.64,1,0
2022-01-02,300.2,0,0
2022-01-03,319.74,0,0
2022-01-04,298.19,0,0
2022-01-05,318.84,0,0
2022-01-06,272.2,0,0
2022-01-07,389.24,0,0
2022-01-08,402.53,0,0
2022-01-09,335.98,0,0
2022-01-10,269.67,0,0
2022-01-11,330.23,0,0
2022-01-12,252.92,0,0
2022-01-13,380.99,0,0
2022-01-14,306.68,0,0
2022-01-15,444.98,0,0
2022-01-16,345.15,0,0
2022-01-17,360.88,0,0
2022-01-18,265.94,0,0
2022-01-19,301.88,0,0
2022-01-20,340.64,0,0
2022-01-21,358.58,0,0
2022-01-22,417.72,0,0
2022-01-23,326.77,0,0
2022-01-24,297.45,0,0
2022-01-25,324.72,0,0
2022-01-26,275.5,0,0
2022-01-27,328.63,0,0
2022-01-28,321.45,0,0
2022-01-29,384.36,0,0
2022-01-30,349.6,0,0
2022-01-31,269.46,0,0
2022-02-01,280.95,0,0
2022-02-02,305.84,0,0
2022-02-03,301.1,0,0
2022-02-04,390.41,0,0
2022-02-05,414.33,0,0
2022-02-06,355.28,0,0
2022-02-07,273.95,0,0
2022-02-08,257.02,0,0
2022-02-09,362.96,0,0
2022-02-10,269.26,0,0
2022-02-11,342.49,0,0
2022-02-12,388.8,0,0
2022-02-13,334.41,0,0
2022-02-14,368.32,1,0
2022-02-15,262.06,0,0
2022-02-16,277.33,0,0
2022-02-17,278.52,0,0
2022-02-18,389.98,0,0
2022-02-19,385.29,0,0
2022-02-20,322.49,0,0
2022-02-21,302.98,0,0
2022-02-22,316.14,0,0
2022-02-23,286.88,0,0
2022-02-24,344.97,0,0
2022-02-25,289.08,0,0
2022-02-26,429.69,0,0
2022-02-27,348.39,0,0
2022-02-28,305.03,0,0
2022-03-01,268.19,0,0
2022-03-02,260.16,0,0
2022-03-03,249.75,0,0
2022-03-04,308.97,0,0
2022-03-05,403.82,0,0
2022-03-06,323.57,0,0
2022-03-07,255.53,0,0
2022-03-08,269.73,0,0
2022-03-09,292.87,0,0
2022-03-10,296.62,0,0
2022-03-11,327.87,0,0
2022-03-12,427.92,0,0
2022-03-13,410.97,0,0
2022-03-14,378.99,0,0
2022-03-15,243.77,0,0
2022-03-16,278.83,0,0
2022-03-17,345.97,0,0
2022-03-18,333.0,0,0
2022-03-19,430.47,0,0
2022-03-20,369.62,0,0
2022-03-21,369.44,0,0
2022-03-22,341.96,0,0
2022-03-23,351.33,0,0
2022-03-24,320.05,0,0
2022-03-25,346.62,0,0
2022-03-26,387.21,0,0
2022-03-27,301.67,0,0
2022-03-28,367.26,0,0
2022-03-29,324.01,0,0
2022-03-30,305.37,0,0
2022-03-31,381.4,0,0
2022-04-01,317.6,0,0
2022-04-02,319.81,0,0
2022-04-03,417.67,0,0
2022-04-04,280.31,0,0
2022-04-05,300.66,0,0
2022-04-06,331.96,0,0
2022-04-07,349.37,0,0
2022-04-08,396.28,0,0
2022-04-09,430.33,0,0
2022-04-10,403.14,0,0
2022-04-11,304.47,0,0
2022-04-12,326.95,0,0
2022-04-13,272.79,0,0
2022-04-14,404.37,0,0
2022-04-15,307.8,0,0
2022-04-16,488.2,0,1
2022-04-17,331.36,0,0
2022-04-18,312.49,0,0
2022-04-19,329.06,0,0
2022-04-20,314.2,0,0
2022-04-21,376.17,0,0
2022-04-22,375.93,0,0
2022-04-23,392.38,0,0
2022-04-24,383.56,0,0
2022-04-25,390.29,0,0
2022-04-26,353.96,0,0
2022-04-27,303.79,0,0
2022-04-28,321.34,0,0
2022-04-29,390.87,0,0
2022-04-30,443.05,0,0
2022-05-01,353.58,0,0
2022-05-02,372.81,0,0
2022-05-03,294.99,0,0
2022-05-04,390.33,0,0
2022-05-05,369.77,0,0
2022-05-06,329.02,0,0
2022-05-07,402.89,0,0
2022-05-08,371.89,0,0
2022-05-09,357.51,0,0
2022-05-10,325.45,0,0
2022-05-11,299.41,0,0
2022-05-12,299.68,0,0
2022-05-13,414.02,0,0
2022-05-14,444.44,0,0
2022-05-15,415.86,0,0
2022-05-16,366.6,0,0
2022-05-17,314.96,0,0
2022-05-18,355.61,0,0
2022-05-19,463.15,0,0
2022-05-20,443.8,0,0
2022-05-21,424.84,0,0
2022-05-22,384.95,0,0
2022-05-23,243.74,0,0
2022-05-24,377.31,0,0
2022-05-25,478.79,0,1
2022-05-26,349.67,0,0
2022-05-27,333.87,0,0
2022-05-28,393.36,0,0
2022-05-29,434.13,0,0
2022-05-30,353.78,0,0
2022-05-31,369.78,0,0
2022-06-01,358.35,0,0
2022-06-02,422.25,0,0
2022-06-03,417.68,0,0
2022-06-04,488.4,0,0
2022-06-05,318.74,0,0
2022-06-06,306.27,0,0
2022-06-07,334.39,0,0
2022-06-08,407.54,0,0
2022-06-09,452.6,0,0
2022-06-10,392.2,0,0
2022-06-11,420.15,0,0
2022-06-12,336.65,0,0
2022-06-13,401.82,0,0
2022-06-14,331.52,0,0
2022-06-15,481.5,0,0
2022-06-16,360.54,0,0
2022-06-17,508.77,0,0
2022-06-18,504.42,0,0
2022-06-19,371.41,0,0
2022-06-20,379.37,0,0
2022-06-21,386.65,0,0
2022-06-22,361.23,0,0
2022-06-23,424.37,0,0
2022-06-24,450.14,0,0
2022-06-25,489.04,0,0
2022-06-26,428.01,0,0
2022-06-27,328.38,0,0
2022-06-28,362.67,0,0
2022-06-29,378.24,0,0
2022-06-30,307.39,0,0
2022-07-01,422.46,0,0
2022-07-02,462.61,0,0
2022-07-03,376.54,0,0
2022-07-04,492.16,1,0
2022-07-05,352.05,0,0
2022-07-06,451.52,0,0
2022-07-07,397.78,0,0
2022-07-08,460.49,0,0
2022-07-09,458.79,0,0
2022-07-10,349.91,0,0
2022-07-11,402.34,0,0
2022-07-12,343.8,0,0
2022-07-13,360.35,0,0
2022-07-14,349.44,0,0
2022-07-15,425.25,0,0
2022-07-16,661.66,0,1
2022-07-17,481.75,0,0
2022-07-18,447.62,0,0
2022-07-19,441.11,0,0
2022-07-20,283.39,0,0
2022-07-21,348.89,0,0
2022-07-22,347.75,0,0
2022-07-23,509.64,0,0
2022-07-24,410.68,0,0
2022-07-25,362.75,0,0
2022-07-26,357.95,0,0
2022-07-27,391.71,0,0
2022-07-28,333.2,0,0
2022-07-29,357.49,0,0
2022-07-30,467.48,0,0
2022-07-31,496.82,0,0
2022-08-01,382.84,0,0
2022-08-02,332.17,0,0
2022-08-03,286.49,0,0
2022-08-04,433.23,0,0
2022-08-05,381.52,0,0
2022-08-06,400.8,0,0
2022-08-07,352.29,0,0
2022-08-08,321.5,0,0
2022-08-09,331.81,0,0
2022-08-10,368.84,0,0
2022-08-11,343.07,0,0
2022-08-12,425.5,0,0
2022-08-13,454.92,0,0
2022-08-14,685.95,0,1
2022-08-15,307.42,0,0
2022-08-16,378.59,0,0
2022-08-17,384.45,0,0
2022-08-18,353.23,0,0
2022-08-19,420.95,0,0
2022-08-20,515.68,0,0
2022-08-21,453.2,0,0
2022-08-22,436.27,0,0
2022-08-23,280.98,0,0
2022-08-24,334.64,0,0
2022-08-25,457.28,0,0
2022-08-26,464.64,0,0
2022-08-27,493.84,0,0
2022-08-28,498.51,0,0
2022-08-29,298.6,0,0
2022-08-30,398.25,0,0
2022-08-31,419.65,0,0
2022-09-01,362.05,0,0
2022-09-02,534.14,0,0
2022-09-03,480.03,0,0
2022-09-04,334.74,0,0
2022-09-05,387.24,0,0
2022-09-06,333.46,0,0
2022-09-07,408.18,0,0
2022-09-08,411.11,0,0
2022-09-09,391.07,0,0
2022-09-10,537.74,0,0
2022-09-11,475.93,0,0
2022-09-12,336.65,0,0
2022-09-13,351.52,0,0
2022-09-14,485.78,0,1
2022-09-15,362.77,0,0
2022-09-16,392.58,0,0
2022-09-17,456.17,0,0
2022-09-18,380.06,0,0
2022-09-19,279.17,0,0
2022-09-20,363.59,0,0
2022-09-21,284.27,0,0
2022-09-22,336.15,0,0
2022-09-23,331.88,0,0
2022-09-24,369.99,0,0
2022-09-25,446.24,0,0
2022-09-26,352.54,0,0
2022-09-27,347.0,0,0
2022-09-28,313.17,0,0
2022-09-29,353.26,0,0
2022-09-30,425.02,0,0
2022-10-01,448.92,0,0
2022-10-02,462.98,0,0
2022-10-03,407.68,0,0
2022-10-04,333.96,0,0
2022-10-05,280.68,0,0
2022-10-06,332.52,0,0
2022-10-07,397.76,0,0
2022-10-08,399.55,0,0
2022-10-09,357.3,0,0
2022-10-10,354.43,0,0
2022-10-11,428.95,0,0
2022-10-12,334.69,0,0
2022-10-13,361.08,0,0
2022-10-14,327.09,0,0
2022-10-15,499.9,0,0
2022-10-16,448.88,0,0
2022-10-17,374.9,0,0
2022-10-18,388.7,0,0
2022-10-19,331.3,0,0
2022-10-20,348.37,0,0
2022-10-21,458.61,0,0
2022-10-22,470.73,0,0
2022-10-23,316.41,0,0
2022-10-24,364.5,0,0
2022-10-25,308.84,0,0
2022-10-26,376.51,0,0
2022-10-27,374.73,0,0
2022-10-28,309.05,0,0
2022-10-29,444.88,0,0
2022-10-30,419.63,0,0
2022-10-31,438.93,0,1
2022-11-01,351.29,0,0
2022-11-02,402.92,0,0
2022-11-03,366.63,0,0
2022-11-04,382.6,0,0
2022-11-05,480.34,0,0
2022-11-06,497.68,0,0
2022-11-07,383.63,0,0
2022-11-08,421.63,0,1
2022-11-09,342.26,0,0
2022-11-10,354.99,0,0
2022-11-11,384.59,0,0
2022-11-12,510.86,0,0
2022-11-13,359.65,0,0
2022-11-14,365.61,0,0
2022-11-15,313.12,0,0
2022-11-16,281.38,0,0
2022-11-17,337.33,0,0
2022-11-18,344.19,0,0
2022-11-19,435.24,0,0
2022-11-20,378.26,0,0
2022-11-21,297.6,0,0
2022-11-22,370.78,0,0
2022-11-23,358.33,0,0
2022-11-24,399.55,0,0
2022-11-25,376.12,0,0
2022-11-26,405.46,0,0
2022-11-27,552.93,1,0
2022-11-28,306.82,0,0
2022-11-29,317.55,0,0
2022-11-30,316.94,0,0
2022-12-01,285.75,0,0
2022-12-02,369.73,0,0
2022-12-03,387.77,0,0
2022-12-04,362.04,0,0
2022-12-05,339.86,0,0
2022-12-06,359.16,0,0
2022-12-07,285.97,0,0
2022-12-08,317.79,0,0
2022-12-09,410.52,0,1
2022-12-10,369.51,0,0
2022-12-11,338.11,0,0
2022-12-12,321.63,0,0
2022-12-13,335.58,0,0
2022-12-14,328.23,0,0
2022-12-15,289.63,0,0
2022-12-16,404.2,0,0
2022-12-17,433.04,0,0
2022-12-18,330.56,0,0
2022-12-19,352.7,0,0
2022-12-20,309.27,0,0
2022-12-21,319.5,0,0
2022-12-22,339.33,0,0
2022-12-23,349.08,0,0
2022-12-24,560.52,1,0
2022-12-25,498.56,1,0
2022-12-26,301.54,0,0
2022-12-27,237.1,0,0
2022-12-28,327.83,0,0
2022-12-29,306.63,0,0
2022-12-30,378.53,0,0
2022-12-31,553.93,1,0
2023-01-01,472.37,1,0
2023-01-02,351.33,0,0
2023-01-03,308.46,0,0
2023-01-04,313.54,0,0
2023-01-05,324.23,0,0
2023-01-06,403.5,0,0
2023-01-07,347.08,0,0
2023-01-08,350.31,0,0
2023-01-09,265.51,0,0
2023-01-10,319.65,0,0
2023-01-11,292.09,0,0
2023-01-12,302.96,0,0
2023-01-13,317.12,0,0
2023-01-14,397.55,0,0
2023-01-15,301.5,0,0
2023-01-16,232.97,0,0
2023-01-17,305.62,0,0
2023-01-18,236.5,0,0
2023-01-19,346.12,0,0
2023-01-20,404.77,0,0
2023-01-21,377.27,0,0
2023-01-22,416.12,0,0
2023-01-23,306.3,0,0
2023-01-24,344.13,0,0
2023-01-25,291.79,0,0
2023-01-26,234.72,0,0
2023-01-27,329.63,0,0
2023-01-28,450.93,0,0
2023-01-29,375.42,0,0
2023-01-30,299.49,0,0
2023-01-31,313.89,0,0
2023-02-01,337.03,0,0
2023-02-02,318.51,0,0
2023-02-03,430.66,0,0
2023-02-04,359.78,0,0
2023-02-05,400.08,0,0
2023-02-06,336.54,0,0
2023-02-07,274.29,0,0
2023-02-08,292.22,0,0
2023-02-09,357.45,0,0
2023-02-10,348.37,0,0
2023-02-11,404.26,0,0
2023-02-12,296.54,0,0
2023-02-13,335.79,0,0
2023-02-14,428.01,1,0
2023-02-15,309.9,0,0
2023-02-16,342.72,0,0
2023-02-17,325.59,0,0
2023-02-18,354.21,0,0
2023-02-19,351.1,0,0
2023-02-20,295.32,0,0
2023-02-21,382.72,0,0
2023-02-22,335.06,0,0
2023-02-23,288.31,0,0
2023-02-24,426.19,0,0
2023-02-25,371.77,0,0
2023-02-26,364.09,0,0
2023-02-27,347.34,0,0
2023-02-28,244.22,0,0
2023-03-01,311.42,0,0
2023-03-02,305.15,0,0
2023-03-03,352.97,0,0
2023-03-04,416.54,0,0
2023-03-05,358.19,0,0
2023-03-06,321.72,0,0
2023-03-07,350.21,0,0
2023-03-08,332.44,0,0
2023-03-09,333.31,0,0
2023-03-10,347.49,0,0
2023-03-11,471.37,0,0
2023-03-12,378.7,0,0
2023-03-13,298.63,0,0
2023-03-14,243.69,0,0
2023-03-15,270.64,0,0
2023-03-16,313.81,0,0
2023-03-17,345.6,0,0
2023-03-18,380.57,0,0
2023-03-19,391.08,0,0
2023-03-20,302.08,0,0
2023-03-21,285.84,0,0
2023-03-22,343.32,0,0
2023-03-23,392.6,0,0
2023-03-24,316.9,0,0
2023-03-25,422.72,0,0
2023-03-26,289.74,0,0
2023-03-27,276.57,0,0
2023-03-28,295.03,0,0
2023-03-29,361.34,0,0
2023-03-30,316.2,0,0
2023-03-31,336.12,0,0
2023-04-01,401.84,0,0
2023-04-02,388.26,0,0
2023-04-03,305.82,0,0
2023-04-04,388.25,0,0
2023-04-05,315.42,0,0
2023-04-06,340.19,0,0
2023-04-07,351.1,0,0
2023-04-08,434.8,0,0
2023-04-09,444.85,0,0
2023-04-10,398.65,0,0
2023-04-11,293.24,0,0
2023-04-12,375.17,0,0
2023-04-13,368.24,0,0
2023-04-14,409.48,0,0
2023-04-15,408.97,0,0
2023-04-16,388.41,0,0
2023-04-17,377.67,0,0
2023-04-18,367.76,0,0
2023-04-19,392.73,0,0
2023-04-20,361.78,0,0
2023-04-21,367.84,0,0
2023-04-22,306.5,0,0
2023-04-23,328.28,0,0
2023-04-24,331.43,0,0
2023-04-25,286.14,0,0
2023-04-26,368.2,0,0
2023-04-27,304.65,0,0
2023-04-28,367.99,0,0
2023-04-29,406.77,0,0
2023-04-30,458.55,0,0
2023-05-01,327.65,0,0
2023-05-02,355.08,0,0
2023-05-03,356.31,0,0
2023-05-04,392.31,0,0
2023-05-05,422.81,0,0
2023-05-06,444.29,0,0
2023-05-07,340.83,0,0
2023-05-08,349.74,0,0
2023-05-09,348.77,0,0
2023-05-10,354.11,0,0
2023-05-11,333.25,0,0
2023-05-12,442.85,0,0
2023-05-13,457.31,0,0
2023-05-14,371.59,0,0
2023-05-15,344.85,0,0
2023-05-16,424.36,0,0
2023-05-17,384.61,0,0
2023-05-18,415.46,0,0
2023-05-19,348.11,0,0
2023-05-20,402.63,0,0
2023-05-21,395.36,0,0
2023-05-22,368.07,0,0
2023-05-23,336.81,0,0
2023-05-24,343.93,0,0
2023-05-25,364.19,0,0
2023-05-26,373.31,0,0
2023-05-27,452.28,0,0
2023-05-28,473.04,0,0
2023-05-29,302.46,0,0
2023-05-30,369.08,0,0
2023-05-31,424.99,0,0
2023-06-01,363.37,0,0
2023-06-02,386.29,0,0
2023-06-03,512.4,0,0
2023-06-04,388.16,0,0
2023-06-05,374.8,0,0
2023-06-06,325.0,0,0
2023-06-07,279.65,0,0
2023-06-08,387.26,0,0
2023-06-09,357.93,0,0
2023-06-10,471.75,0,0
2023-06-11,482.15,0,0
2023-06-12,443.86,0,0
2023-06-13,377.25,0,0
2023-06-14,410.17,0,0
2023-06-15,404.9,0,0
2023-06-16,402.75,0,0
2023-06-17,374.37,0,0
2023-06-18,522.59,0,0
2023-06-19,336.68,0,0
2023-06-20,418.47,0,0
2023-06-21,401.98,0,0
2023-06-22,354.15,0,0
2023-06-23,426.59,0,0
2023-06-24,592.16,0,0
2023-06-25,504.49,0,0
2023-06-26,365.93,0,0
2023-06-27,338.43,0,0
2023-06-28,386.77,0,0
2023-06-29,390.92,0,0
2023-06-30,480.03,0,0
2023-07-01,518.26,0,0
2023-07-02,361.92,0,0
2023-07-03,407.84,0,0
2023-07-04,504.57,1,0
2023-07-05,376.28,0,0
2023-07-06,392.92,0,0
2023-07-07,480.9,0,0
2023-07-08,529.09,0,0
2023-07-09,408.87,0,0
2023-07-10,379.76,0,0
2023-07-11,360.78,0,0
2023-07-12,305.48,0,0
2023-07-13,397.29,0,0
2023-07-14,518.82,0,0
2023-07-15,392.79,0,0
2023-07-16,450.77,0,0
2023-07-17,390.76,0,0
2023-07-18,388.49,0,0
2023-07-19,342.19,0,0
2023-07-20,340.73,0,0
2023-07-21,367.79,0,0
2023-07-22,558.61,0,0
2023-07-23,393.47,0,0
2023-07-24,367.09,0,0
2023-07-25,459.2,0,0
2023-07-26,357.15,0,0
2023-07-27,420.74,0,0
2023-07-28,479.78,0,0
2023-07-29,534.59,0,0
2023-07-30,388.24,0,0
2023-07-31,358.59,0,0
2023-08-01,397.24,0,0
2023-08-02,476.49,0,0
2023-08-03,373.49,0,0
2023-08-04,408.65,0,0
2023-08-05,515.68,0,0
2023-08-06,483.3,0,0
2023-08-07,416.5,0,0
2023-08-08,338.86,0,0
2023-08-09,359.42,0,0
2023-08-10,514.15,0,1
2023-08-11,492.5,0,0
2023-08-12,463.82,0,0
2023-08-13,447.31,0,0
2023-08-14,346.24,0,0
2023-08-15,457.08,0,0
2023-08-16,391.1,0,0
2023-08-17,449.66,0,0
2023-08-18,532.27,0,1
2023-08-19,482.26,0,0
2023-08-20,374.91,0,0
2023-08-21,298.68,0,0
2023-08-22,428.3,0,0
2023-08-23,382.43,0,0
2023-08-24,407.34,0,0
2023-08-25,376.51,0,0
2023-08-26,435.36,0,0
2023-08-27,498.96,0,0
2023-08-28,454.99,0,0
2023-08-29,344.61,0,0
2023-08-30,409.77,0,0
2023-08-31,407.17,0,0
2023-09-01,422.71,0,0
2023-09-02,577.08,0,0
2023-09-03,420.99,0,0
2023-09-04,433.85,0,0
2023-09-05,397.36,0,0
2023-09-06,375.77,0,0
2023-09-07,448.17,0,0
2023-09-08,428.11,0,0
2023-09-09,467.88,0,0
2023-09-10,513.82,0,0
2023-09-11,430.89,0,0
2023-09-12,425.08,0,0
2023-09-13,215.46,0,0
2023-09-14,416.63,0,0
2023-09-15,425.63,0,0
2023-09-16,465.51,0,0
2023-09-17,468.44,0,0
2023-09-18,391.56,0,0
2023-09-19,392.29,0,0
2023-09-20,363.85,0,0
2023-09-21,455.8,0,0
2023-09-22,444.56,0,0
2023-09-23,493.06,0,0
2023-09-24,455.68,0,0
2023-09-25,420.26,0,0
2023-09-26,405.33,0,0
2023-09-27,362.8,0,0
2023-09-28,417.04,0,0
2023-09-29,418.73,0,0
2023-09-30,554.54,0,0
2023-10-01,484.84,0,0
2023-10-02,349.64,0,0
2023-10-03,440.03,0,0
2023-10-04,277.61,0,0
2023-10-05,409.63,0,0
2023-10-06,369.46,0,0
2023-10-07,556.13,0,0
2023-10-08,442.9,0,0
2023-10-09,334.29,0,0
2023-10-10,340.72,0,0
2023-10-11,322.14,0,0
2023-10-12,368.32,0,0
2023-10-13,398.63,0,0
2023-10-14,423.96,0,0
2023-10-15,432.52,0,0
2023-10-16,373.13,0,0
2023-10-17,316.65,0,0
2023-10-18,292.02,0,0
2023-10-19,387.68,0,0
2023-10-20,423.3,0,0
2023-10-21,483.41,0,0
2023-10-22,446.37,0,0
2023-10-23,426.03,0,0
2023-10-24,382.14,0,0
2023-10-25,453.28,0,0
2023-10-26,481.08,0,0
2023-10-27,315.79,0,0
2023-10-28,329.41,0,0
2023-10-29,412.7,0,0
2023-10-30,372.24,0,0
2023-10-31,338.48,0,0
2023-11-01,380.39,0,0
2023-11-02,354.69,0,0
2023-11-03,358.53,0,0
2023-11-04,418.53,0,0
2023-11-05,400.6,0,0
2023-11-06,380.27,0,0
2023-11-07,318.26,0,0
2023-11-08,337.94,0,0
2023-11-09,382.54,0,0
2023-11-10,369.97,0,0
2023-11-11,609.04,0,1
2023-11-12,366.57,0,0
2023-11-13,308.27,0,0
2023-11-14,352.96,0,0
2023-11-15,366.22,0,0
2023-11-16,329.51,0,0
2023-11-17,437.02,0,0
2023-11-18,514.53,0,0
2023-11-19,359.45,0,0
2023-11-20,397.27,0,0
2023-11-21,246.14,0,0
2023-11-22,376.68,0,0
2023-11-23,307.85,0,0
2023-11-24,413.54,0,0
2023-11-25,379.2,0,0
2023-11-26,383.2,0,0
2023-11-27,415.68,1,0
2023-11-28,320.66,0,0
2023-11-29,405.29,0,0
2023-11-30,350.77,0,0
2023-12-01,454.58,0,0
2023-12-02,398.96,0,0
2023-12-03,451.45,0,0
2023-12-04,277.2,0,0
2023-12-05,315.1,0,0
2023-12-06,316.81,0,0
2023-12-07,388.88,0,0
2023-12-08,376.07,0,0
2023-12-09,319.26,0,0
2023-12-10,326.5,0,0
2023-12-11,282.08,0,0
2023-12-12,351.8,0,0
2023-12-13,351.09,0,0
2023-12-14,336.38,0,0
2023-12-15,342.91,0,0
2023-12-16,435.46,0,0
2023-12-17,321.85,0,0
2023-12-18,346.52,0,0
2023-12-19,332.82,0,0
2023-12-20,312.03,0,0
2023-12-21,353.92,0,0
2023-12-22,362.09,0,0
2023-12-23,431.31,0,0
2023-12-24,438.15,1,0
2023-12-25,459.4,1,0
2023-12-26,342.32,0,0
2023-12-27,341.81,0,0
2023-12-28,360.37,0,0
2023-12-29,346.49,0,0
2023-12-30,432.42,0,0
2023-12-31,508.79,1,0
2024-01-01,374.36,1,0
2024-01-02,338.32,0,0
2024-01-03,260.84,0,0
2024-01-04,341.43,0,0
2024-01-05,345.61,0,0
2024-01-06,388.16,0,0
2024-01-07,375.98,0,0
2024-01-08,289.83,0,0
2024-01-09,329.59,0,0
2024-01-10,326.86,0,0
2024-01-11,305.58,0,0
2024-01-12,409.66,0,0
2024-01-13,401.69,0,0
2024-01-14,395.62,0,0
2024-01-15,363.22,0,0
2024-01-16,356.72,0,0
2024-01-17,335.22,0,0
2024-01-18,321.07,0,0
2024-01-19,305.85,0,0
2024-01-20,402.95,0,0
2024-01-21,403.4,0,0
2024-01-22,330.0,0,0
2024-01-23,193.09,0,0
2024-01-24,346.31,0,0
2024-01-25,361.4,0,0
2024-01-26,347.74,0,0
2024-01-27,439.22,0,0
2024-01-28,393.67,0,0
2024-01-29,290.55,0,0
2024-01-30,342.82,0,0
2024-01-31,272.87,0,0
2024-02-01,327.78,0,0
2024-02-02,340.78,0,0
2024-02-03,359.69,0,0
2024-02-04,380.72,0,0
2024-02-05,361.71,0,0
2024-02-06,347.33,0,0
2024-02-07,342.89,0,0
2024-02-08,266.73,0,0
2024-02-09,298.14,0,0
2024-02-10,500.82,0,1
2024-02-11,368.09,0,0
2024-02-12,306.93,0,0
2024-02-13,375.89,0,0
2024-02-14,431.52,1,0
2024-02-15,351.78,0,0
2024-02-16,399.7,0,0
2024-02-17,403.38,0,0
2024-02-18,479.04,0,0
2024-02-19,291.28,0,0
2024-02-20,289.87,0,0
2024-02-21,286.35,0,0
2024-02-22,386.97,0,0
2024-02-23,380.04,0,0
2024-02-24,472.77,0,1
2024-02-25,340.21,0,0
2024-02-26,371.15,0,0
2024-02-27,331.09,0,0
2024-02-28,366.72,0,0
2024-02-29,323.52,0,0
2024-03-01,375.59,0,0
2024-03-02,409.41,0,0
2024-03-03,352.66,0,0
2024-03-04,397.08,0,1
2024-03-05,279.7,0,0
2024-03-06,345.58,0,0
2024-03-07,361.01,0,0
2024-03-08,397.33,0,0
2024-03-09,439.83,0,0
2024-03-10,379.73,0,0
2024-03-11,374.86,0,0
2024-03-12,351.56,0,0
2024-03-13,365.09,0,0
2024-03-14,392.25,0,0
2024-03-15,365.9,0,0
2024-03-16,443.94,0,0
2024-03-17,519.75,0,1
2024-03-18,283.95,0,0
2024-03-19,350.23,0,1
2024-03-20,282.9,0,0
2024-03-21,336.83,0,0
2024-03-22,351.28,0,0
2024-03-23,348.06,0,0
2024-03-24,396.67,0,0
2024-03-25,331.53,0,0
2024-03-26,363.82,0,0
2024-03-27,403.99,0,0
2024-03-28,363.7,0,0
2024-03-29,340.16,0,0
2024-03-30,447.21,0,0
2024-03-31,396.58,0,0
2024-04-01,329.84,0,0
2024-04-02,289.8,0,0
2024-04-03,325.48,0,0
2024-04-04,347.78,0,0
2024-04-05,405.02,0,0
2024-04-06,448.22,0,0
2024-04-07,473.88,0,0
2024-04-08,373.22,0,0
2024-04-09,347.77,0,0
2024-04-10,330.05,0,0
2024-04-11,315.45,0,0
2024-04-12,351.94,0,0
2024-04-13,405.45,0,0
2024-04-14,292.89,0,0
2024-04-15,306.39,0,0
2024-04-16,399.06,0,0
2024-04-17,365.38,0,0
2024-04-18,347.18,0,0
2024-04-19,413.29,0,0
2024-04-20,358.0,0,0
2024-04-21,420.57,0,0
2024-04-22,400.25,0,0
2024-04-23,333.46,0,0
2024-04-24,271.6,0,0
2024-04-25,356.28,0,0
2024-04-26,447.32,0,0
2024-04-27,460.26,0,0
2024-04-28,354.79,0,0
2024-04-29,446.12,0,0
2024-04-30,294.98,0,0
2024-05-01,355.01,0,0
2024-05-02,328.88,0,0
2024-05-03,350.17,0,0
2024-05-04,421.6,0,0
2024-05-05,448.15,0,0
2024-05-06,422.04,0,0
2024-05-07,340.63,0,0
2024-05-08,321.34,0,0
2024-05-09,404.28,0,0
2024-05-10,433.71,0,0
2024-05-11,468.72,0,0
2024-05-12,451.71,0,0
2024-05-13,361.87,0,0
2024-05-14,366.03,0,0
2024-05-15,355.83,0,0
2024-05-16,430.71,0,0
2024-05-17,508.34,0,0
2024-05-18,472.15,0,0
2024-05-19,441.89,0,0
2024-05-20,387.46,0,0
2024-05-21,337.34,0,0
2024-05-22,396.79,0,0
2024-05-23,405.61,0,0
2024-05-24,390.0,0,0
2024-05-25,516.95,0,0
2024-05-26,440.57,0,0
2024-05-27,335.51,0,0
2024-05-28,387.74,0,0
2024-05-29,391.19,0,0
2024-05-30,432.34,0,0
2024-05-31,460.03,0,0
2024-06-01,462.86,0,0
2024-06-02,415.96,0,0
2024-06-03,375.41,0,0
2024-06-04,381.62,0,0
2024-06-05,397.41,0,0
2024-06-06,399.26,0,0
2024-06-07,421.92,0,0
2024-06-08,533.67,0,0
2024-06-09,411.64,0,0
2024-06-10,475.94,0,0
2024-06-11,402.94,0,0
2024-06-12,327.23,0,0
2024-06-13,403.34,0,0
2024-06-14,470.84,0,0
2024-06-15,450.12,0,0
2024-06-16,370.85,0,0
2024-06-17,347.81,0,0
2024-06-18,395.13,0,0
2024-06-19,306.67,0,0
2024-06-20,347.8,0,0
2024-06-21,458.18,0,0
2024-06-22,477.52,0,0
2024-06-23,420.2,0,0
2024-06-24,370.6,0,0
2024-06-25,324.09,0,0
2024-06-26,417.93,0,0
2024-06-27,360.32,0,0
2024-06-28,408.2,0,0
2024-06-29,506.53,0,0
2024-06-30,440.44,0,0
2024-07-01,368.07,0,0
2024-07-02,299.35,0,0
2024-07-03,415.59,0,0
2024-07-04,559.89,1,0
2024-07-05,418.51,0,0
2024-07-06,428.93,0,0
2024-07-07,454.6,0,0
2024-07-08,413.11,0,0
2024-07-09,491.23,0,1
2024-07-10,457.98,0,0
2024-07-11,436.12,0,0
2024-07-12,427.78,0,0
2024-07-13,546.95,0,0
2024-07-14,461.7,0,0
2024-07-15,402.05,0,0
2024-07-16,544.26,0,1
2024-07-17,359.52,0,0
2024-07-18,402.71,0,0
2024-07-19,492.71,0,0
2024-07-20,507.84,0,0
2024-07-21,443.66,0,0
2024-07-22,319.76,0,0
2024-07-23,369.65,0,1
2024-07-24,487.14,0,0
2024-07-25,421.92,0,0
2024-07-26,417.54,0,0
2024-07-27,512.63,0,0
2024-07-28,410.9,0,0
2024-07-29,388.99,0,0
2024-07-30,334.22,0,0
2024-07-31,337.19,0,0
2024-08-01,312.82,0,0
2024-08-02,360.03,0,0
2024-08-03,561.21,0,0
2024-08-04,409.27,0,0
2024-08-05,427.3,0,0
2024-08-06,428.46,0,0
2024-08-07,397.38,0,0
2024-08-08,396.7,0,0
2024-08-09,445.71,0,0
2024-08-10,480.17,0,0
2024-08-11,527.31,0,0
2024-08-12,478.24,0,0
2024-08-13,442.08,0,0
2024-08-14,297.86,0,0
2024-08-15,395.82,0,0
2024-08-16,445.91,0,0
2024-08-17,522.0,0,0
2024-08-18,364.8,0,0
2024-08-19,324.95,0,0
2024-08-20,446.46,0,0
2024-08-21,369.51,0,0
2024-08-22,352.23,0,0
2024-08-23,378.46,0,0
2024-08-24,516.8,0,0
2024-08-25,411.98,0,0
2024-08-26,411.59,0,0
2024-08-27,344.85,0,0
2024-08-28,325.04,0,0
2024-08-29,473.74,0,0
2024-08-30,453.26,0,0
2024-08-31,469.36,0,0
2024-09-01,428.8,0,0
2024-09-02,454.56,0,0
2024-09-03,412.44,0,0
2024-09-04,444.28,0,0
2024-09-05,371.54,0,0
2024-09-06,436.16,0,0
2024-09-07,508.61,0,0
2024-09-08,421.98,0,0
2024-09-09,389.19,0,0
2024-09-10,361.39,0,0
2024-09-11,407.6,0,0
2024-09-12,350.47,0,0
2024-09-13,453.94,0,0
2024-09-14,499.9,0,0
2024-09-15,436.04,0,0
2024-09-16,408.52,0,0
2024-09-17,362.0,0,0
2024-09-18,359.68,0,0
2024-09-19,429.37,0,0
2024-09-20,457.92,0,0
2024-09-21,448.12,0,0
2024-09-22,410.24,0,0
2024-09-23,379.62,0,0
2024-09-24,357.03,0,0
2024-09-25,443.28,0,0
2024-09-26,401.45,0,0
2024-09-27,434.09,0,0
2024-09-28,428.44,0,0
2024-09-29,478.66,0,0
2024-09-30,349.61,0,0
2024-10-01,342.14,0,0
2024-10-02,411.37,0,0
2024-10-03,410.6,0,0
2024-10-04,300.03,0,0
2024-10-05,461.44,0,0
2024-10-06,440.32,0,0
2024-10-07,462.13,0,1
2024-10-08,375.57,0,0
2024-10-09,295.34,0,0
2024-10-10,260.8,0,0
2024-10-11,371.18,0,0
2024-10-12,476.75,0,0
2024-10-13,277.03,0,0
2024-10-14,332.7,0,0
2024-10-15,279.29,0,0
2024-10-16,358.85,0,0
2024-10-17,464.0,0,0
2024-10-18,412.24,0,0
2024-10-19,457.02,0,0
2024-10-20,461.33,0,0
2024-10-21,361.87,0,0
2024-10-22,350.0,0,0
2024-10-23,398.64,0,0
2024-10-24,404.7,0,0
2024-10-25,418.99,0,0
2024-10-26,437.22,0,0
2024-10-27,401.37,0,0
2024-10-28,397.68,0,0
2024-10-29,341.37,0,0
2024-10-30,402.62,0,0
2024-10-31,331.56,0,0
2024-11-01,456.26,0,0
2024-11-02,471.93,0,0
2024-11-03,374.84,0,0
2024-11-04,387.37,0,0
2024-11-05,324.28,0,0
2024-11-06,352.11,0,0
2024-11-07,357.04,0,0
2024-11-08,388.35,0,0
2024-11-09,492.95,0,0
2024-11-10,432.88,0,0
2024-11-11,312.01,0,0
2024-11-12,299.36,0,0
2024-11-13,362.67,0,0
2024-11-14,382.71,0,0
2024-11-15,358.88,0,0
2024-11-16,511.79,0,0
2024-11-17,445.76,0,0
2024-11-18,323.05,0,0
2024-11-19,305.11,0,0
2024-11-20,339.57,0,0
2024-11-21,346.93,0,0
2024-11-22,438.41,0,0
2024-11-23,482.28,0,0
2024-11-24,407.66,0,0
2024-11-25,372.4,0,0
2024-11-26,360.58,0,0
2024-11-27,462.22,1,0
2024-11-28,375.28,0,0
2024-11-29,407.04,0,0
2024-11-30,448.2,0,0
2024-12-01,360.31,0,0
2024-12-02,320.99,0,0
2024-12-03,320.51,0,0
2024-12-04,316.29,0,0
2024-12-05,300.0,0,0
2024-12-06,403.91,0,0
2024-12-07,444.42,0,0
2024-12-08,336.86,0,0
2024-12-09,332.34,0,0
2024-12-10,311.21,0,0
2024-12-11,337.37,0,0
2024-12-12,303.16,0,0
2024-12-13,316.5,0,0
2024-12-14,444.05,0,0
2024-12-15,325.43,0,0
2024-12-16,329.68,0,0
2024-12-17,389.25,0,1
2024-12-18,331.45,0,0
2024-12-19,364.91,0,0
2024-12-20,433.93,0,0
2024-12-21,339.44,0,0
2024-12-22,421.23,0,0
2024-12-23,242.22,0,0
2024-12-24,500.63,1,0
2024-12-25,336.65,1,0
2024-12-26,428.41,0,0
2024-12-27,357.12,0,0
2024-12-28,477.94,0,0
2024-12-29,438.43,0,0
2024-12-30,317.03,0,0
2024-12-31,411.34,1,0
2025-01-01,399.55,1,0
2025-01-02,363.56,0,0
2025-01-03,340.87,0,0
2025-01-04,374.79,0,0
2025-01-05,407.68,0,0
2025-01-06,307.23,0,0
2025-01-07,307.4,0,0
2025-01-08,323.17,0,0
2025-01-09,315.17,0,0
2025-01-10,342.76,0,0
2025-01-11,475.23,0,0
2025-01-12,373.94,0,0
2025-01-13,309.63,0,0
2025-01-14,312.71,0,0
2025-01-15,344.47,0,0
2025-01-16,307.25,0,0
2025-01-17,381.33,0,0
2025-01-18,424.2,0,0
2025-01-19,302.85,0,0
2025-01-20,391.12,0,0
2025-01-21,375.26,0,0
2025-01-22,288.93,0,0
2025-01-23,294.34,0,0
2025-01-24,376.95,0,0
2025-01-25,342.14,0,0
2025-01-26,434.94,0,0
2025-01-27,309.47,0,0
2025-01-28,374.55,0,0
2025-01-29,300.29,0,0
2025-01-30,338.55,0,0
2025-01-31,412.86,0,0
2025-02-01,398.21,0,0
2025-02-02,392.77,0,0
2025-02-03,371.72,0,0
2025-02-04,293.15,0,0
2025-02-05,288.36,0,0
2025-02-06,285.43,0,0
2025-02-07,372.55,0,0
2025-02-08,433.86,0,0
2025-02-09,425.08,0,0
2025-02-10,316.97,0,0
2025-02-11,265.46,0,0
2025-02-12,243.64,0,0
2025-02-13,442.56,0,0
2025-02-14,517.42,1,0
2025-02-15,413.06,0,0
2025-02-16,392.39,0,0
2025-02-17,275.69,0,0
2025-02-18,296.35,0,0
2025-02-19,391.4,0,0
2025-02-20,368.17,0,0
2025-02-21,338.47,0,0
2025-02-22,355.82,0,0
2025-02-23,357.38,0,0
2025-02-24,329.69,0,0
2025-02-25,399.22,0,0
2025-02-26,330.57,0,0
2025-02-27,303.89,0,0
2025-02-28,363.94,0,0
2025-03-01,415.01,0,0
2025-03-02,326.34,0,0
2025-03-03,352.59,0,0
2025-03-04,367.04,0,0
2025-03-05,334.81,0,0
2025-03-06,303.54,0,0
2025-03-07,349.9,0,0
2025-03-08,336.41,0,0
2025-03-09,380.9,0,0
2025-03-10,353.27,0,0
2025-03-11,289.84,0,0
2025-03-12,401.6,0,0
2025-03-13,380.94,0,0
2025-03-14,305.44,0,0
2025-03-15,337.77,0,0
2025-03-16,358.71,0,0
2025-03-17,393.37,0,0
2025-03-18,446.36,0,1
2025-03-19,390.91,0,0
2025-03-20,345.27,0,0
2025-03-21,371.89,0,0
2025-03-22,363.1,0,0
2025-03-23,406.49,0,0
2025-03-24,338.93,0,0
2025-03-25,329.62,0,0
2025-03-26,408.06,0,0
2025-03-27,356.49,0,0
2025-03-28,434.73,0,0
2025-03-29,357.41,0,0
2025-03-30,524.41,0,0
2025-03-31,331.79,0,0
2025-04-01,365.17,0,0
2025-04-02,372.71,0,0
2025-04-03,338.44,0,0
2025-04-04,424.63,0,0
2025-04-05,485.98,0,0
2025-04-06,381.5,0,0
2025-04-07,410.24,0,1
2025-04-08,344.33,0,0
2025-04-09,345.47,0,0
2025-04-10,414.69,0,0
2025-04-11,524.64,0,1
2025-04-12,434.69,0,0
2025-04-13,443.31,0,0
2025-04-14,281.55,0,0
2025-04-15,326.83,0,0
2025-04-16,371.94,0,0
2025-04-17,416.4,0,0
2025-04-18,401.6,0,0
2025-04-19,519.44,0,0
2025-04-20,454.57,0,0
2025-04-21,345.75,0,0
2025-04-22,343.91,0,0
2025-04-23,375.07,0,0
2025-04-24,360.35,0,0
2025-04-25,467.14,0,0
2025-04-26,403.19,0,0
2025-04-27,431.72,0,0
2025-04-28,397.82,0,0
2025-04-29,428.85,0,1
2025-04-30,346.67,0,0
2025-05-01,370.25,0,0
2025-05-02,437.03,0,0
2025-05-03,438.08,0,0
2025-05-04,376.8,0,0
2025-05-05,417.92,0,0
2025-05-06,372.83,0,0
2025-05-07,414.25,0,0
2025-05-08,418.86,0,0
2025-05-09,513.79,0,0
2025-05-10,516.71,0,0
2025-05-11,402.57,0,0
2025-05-12,390.57,0,0
2025-05-13,339.18,0,0
2025-05-14,347.95,0,0
2025-05-15,328.62,0,0
2025-05-16,410.73,0,0
2025-05-17,500.6,0,0
2025-05-18,434.62,0,0
2025-05-19,335.18,0,0
2025-05-20,307.92,0,0
2025-05-21,466.05,0,0
2025-05-22,409.67,0,0
2025-05-23,379.96,0,0
2025-05-24,501.52,0,0
2025-05-25,543.59,0,0
2025-05-26,414.24,0,0
2025-05-27,253.49,0,0
2025-05-28,499.64,0,0
2025-05-29,305.71,0,0
2025-05-30,531.6,0,1
2025-05-31,413.75,0,0
2025-06-01,407.41,0,0
2025-06-02,402.93,0,0
2025-06-03,294.61,0,0
2025-06-04,381.04,0,0
2025-06-05,458.67,0,0
2025-06-06,388.61,0,0
2025-06-07,410.51,0,0
2025-06-08,446.12,0,0
2025-06-09,375.81,0,0
2025-06-10,346.6,0,0
2025-06-11,338.93,0,0
2025-06-12,429.84,0,0
2025-06-13,470.79,0,0
2025-06-14,427.46,0,0
2025-06-15,408.76,0,0
2025-06-16,408.64,0,0
2025-06-17,345.24,0,0
2025-06-18,403.9,0,0
2025-06-19,479.21,0,0
2025-06-20,439.85,0,0
2025-06-21,438.49,0,0
2025-06-22,482.85,0,0
2025-06-23,386.93,0,0
2025-06-24,384.37,0,0
2025-06-25,414.3,0,0
2025-06-26,444.57,0,0
2025-06-27,447.24,0,0
2025-06-28,491.61,0,0
2025-06-29,568.78,0,0
2025-06-30,458.03,0,0
2025-07-01,423.15,0,0
2025-07-02,409.56,0,0
2025-07-03,365.27,0,0
2025-07-04,672.33,1,0
2025-07-05,519.47,0,0
2025-07-06,430.9,0,0
2025-07-07,492.23,0,1
2025-07-08,359.78,0,0
2025-07-09,447.48,0,0
2025-07-10,456.48,0,0
2025-07-11,460.69,0,0
2025-07-12,501.87,0,0
2025-07-13,434.48,0,0
2025-07-14,300.6,0,0
2025-07-15,330.99,0,0
2025-07-16,370.81,0,0
2025-07-17,379.77,0,0
2025-07-18,476.68,0,0
2025-07-19,552.51,0,0
2025-07-20,468.29,0,0
2025-07-21,476.6,0,0
2025-07-22,363.55,0,0
2025-07-23,397.11,0,0
2025-07-24,418.06,0,0
2025-07-25,503.42,0,0
2025-07-26,515.05,0,0
2025-07-27,478.73,0,0
2025-07-28,337.06,0,0
2025-07-29,440.28,0,1
2025-07-30,453.47,0,0
2025-07-31,332.84,0,0
2025-08-01,516.9,0,0
2025-08-02,544.33,0,0
2025-08-03,434.77,0,0
2025-08-04,370.68,0,0
2025-08-05,478.46,0,0
2025-08-06,465.12,0,0
2025-08-07,405.66,0,0
2025-08-08,462.18,0,0
2025-08-09,481.79,0,0
2025-08-10,481.8,0,0
2025-08-11,380.35,0,0
2025-08-12,390.56,0,0
2025-08-13,489.46,0,0
2025-08-14,415.76,0,0
2025-08-15,399.68,0,0
2025-08-16,421.95,0,0
2025-08-17,475.27,0,0
2025-08-18,374.66,0,0
2025-08-19,409.07,0,0
2025-08-20,335.24,0,0
2025-08-21,443.04,0,0
2025-08-22,389.08,0,0
2025-08-23,509.58,0,0
2025-08-24,448.43,0,0
2025-08-25,486.45,0,0
2025-08-26,391.55,0,0
2025-08-27,485.79,0,0
2025-08-28,442.89,0,0
2025-08-29,519.27,0,0
2025-08-30,485.08,0,0
2025-08-31,475.32,0,0
2025-09-01,458.26,0,0
2025-09-02,431.76,0,0
2025-09-03,426.74,0,0
2025-09-04,398.27,0,0
2025-09-05,440.4,0,0
2025-09-06,563.69,0,0
2025-09-07,539.98,0,0
2025-09-08,374.43,0,0
2025-09-09,347.43,0,0
2025-09-10,356.14,0,0
2025-09-11,450.34,0,0
2025-09-12,398.73,0,0
2025-09-13,532.25,0,0
2025-09-14,487.41,0,0
2025-09-15,378.42,0,0
2025-09-16,450.63,0,0
2025-09-17,328.13,0,0
2025-09-18,493.3,0,0
2025-09-19,447.8,0,0
2025-09-20,385.49,0,0
2025-09-21,677.15,0,1
2025-09-22,435.72,0,0
2025-09-23,363.55,0,0
2025-09-24,347.98,0,0
2025-09-25,336.45,0,0
2025-09-26,546.26,0,0
2025-09-27,435.4,0,0
2025-09-28,388.58,0,0
2025-09-29,400.92,0,0
2025-09-30,308.46,0,0
2025-10-01,332.96,0,0
2025-10-02,446.12,0,0
2025-10-03,449.05,0,0
2025-10-04,452.42,0,0
2025-10-05,448.05,0,0
2025-10-06,366.36,0,0
2025-10-07,378.15,0,0
2025-10-08,347.19,0,0
2025-10-09,375.5,0,0
2025-10-10,403.62,0,0
2025-10-11,435.95,0,0
2025-10-12,494.92,0,0
2025-10-13,424.07,0,0
2025-10-14,333.47,0,0
2025-10-15,330.0,0,0
2025-10-16,384.37,0,0
2025-10-17,523.77,0,0
2025-10-18,523.02,0,1
2025-10-19,422.27,0,0
2025-10-20,380.63,0,0
2025-10-21,355.86,0,0
2025-10-22,355.23,0,0
2025-10-23,433.55,0,0
2025-10-24,439.0,0,0
2025-10-25,510.15,0,0
2025-10-26,456.08,0,0
2025-10-27,408.68,0,0
2025-10-28,428.09,0,0
2025-10-29,428.94,0,0
2025-10-30,477.96,0,0
2025-10-31,460.51,0,0
2025-11-01,436.87,0,0
2025-11-02,469.02,0,0
2025-11-03,399.31,0,0
2025-11-04,429.5,0,0
2025-11-05,327.07,0,0
2025-11-06,411.57,0,0
2025-11-07,376.97,0,0
2025-11-08,486.65,0,0
2025-11-09,414.15,0,0
2025-11-10,379.74,0,0
2025-11-11,295.2,0,0
2025-11-12,386.39,0,0
2025-11-13,384.83,0,0
2025-11-14,414.21,0,0
2025-11-15,547.72,0,0
2025-11-16,399.91,0,0
2025-11-17,371.0,0,0
2025-11-18,354.98,0,0
2025-11-19,357.94,0,0
2025-11-20,455.9,0,0
2025-11-21,404.06,0,0
2025-11-22,416.01,0,0
2025-11-23,498.11,0,0
2025-11-24,344.32,0,0
2025-11-25,288.07,0,0
2025-11-26,324.5,0,0
2025-11-27,423.58,1,0
2025-11-28,311.17,0,0
2025-11-29,421.75,0,0
2025-11-30,408.18,0,0
2025-12-01,399.13,0,0
2025-12-02,364.78,0,0
2025-12-03,371.28,0,0
2025-12-04,327.12,0,0
2025-12-05,422.23,0,0
2025-12-06,508.01,0,0
2025-12-07,420.86,0,0
2025-12-08,366.77,0,0
2025-12-09,280.98,0,0
2025-12-10,384.2,0,0
2025-12-11,424.36,0,0
2025-12-12,393.38,0,0
2025-12-13,415.56,0,0
2025-12-14,395.98,0,0
2025-12-15,336.75,0,0
2025-12-16,326.27,0,0
2025-12-17,371.47,0,0
2025-12-18,366.26,0,0
2025-12-19,431.44,0,0
2025-12-20,449.72,0,0
2025-12-21,360.88,0,0
2025-12-22,326.21,0,0
2025-12-23,311.34,0,0
2025-12-24,449.18,1,0
2025-12-25,571.35,1,0
2025-12-26,461.75,0,0
2025-12-27,472.71,0,0
2025-12-28,394.87,0,0
2025-12-29,296.02,0,0
2025-12-30,336.53,0,0
2025-12-31,422.1,1,0
2026-01-01,557.7,1,0
2026-01-02,311.74,0,0
2026-01-03,439.44,0,0
2026-01-04,346.95,0,0
2026-01-05,347.89,0,0
2026-01-06,347.96,0,0
2026-01-07,373.66,0,0
2026-01-08,341.99,0,0
2026-01-09,398.99,0,0
2026-01-10,388.78,0,0
2026-01-11,399.34,0,0
2026-01-12,369.58,0,0
2026-01-13,339.09,0,0
2026-01-14,307.41,0,0
2026-01-15,338.3,0,0
2026-01-16,414.16,0,0
2026-01-17,356.42,0,0
2026-01-18,347.44,0,0
2026-01-19,361.93,0,0
2026-01-20,305.45,0,0
2026-01-21,282.81,0,0
2026-01-22,401.53,0,0
2026-01-23,322.34,0,0
2026-01-24,409.32,0,0
2026-01-25,367.69,0,0
2026-01-26,321.52,0,0
2026-01-27,293.51,0,0
2026-01-28,365.34,0,0
2026-01-29,347.55,0,0
2026-01-30,415.06,0,0
2026-01-31,385.18,0,0
2026-02-01,481.09,0,0
2026-02-02,268.75,0,0
2026-02-03,257.61,0,0
2026-02-04,395.46,0,0
2026-02-05,368.37,0,0
2026-02-06,388.19,0,0
2026-02-07,436.67,0,0
2026-02-08,410.16,0,0
2026-02-09,352.2,0,0
2026-02-10,291.0,0,0
2026-02-11,367.52,0,0
2026-02-12,376.37,0,0
2026-02-13,430.81,0,0
2026-02-14,683.72,1,0
2026-02-15,403.83,0,0
2026-02-16,299.37,0,0
2026-02-17,399.44,0,0
2026-02-18,303.73,0,0
2026-02-19,362.82,0,0
2026-02-20,378.14,0,0
2026-02-21,403.64,0,0
2026-02-22,428.94,0,0
2026-02-23,350.12,0,0
2026-02-24,343.59,0,0
2026-02-25,314.22,0,0
2026-02-26,343.18,0,0
2026-02-27,350.93,0,0
2026-02-28,422.11,0,0
2026-03-01,395.01,0,0
2026-03-02,409.59,0,0
2026-03-03,321.7,0,0
2026-03-04,247.51,0,0
2026-03-05,409.37,0,0
2026-03-06,404.09,0,0
2026-03-07,421.58,0,0
2026-03-08,378.15,0,0
2026-03-09,308.64,0,0
2026-03-10,413.31,0,0
2026-03-11,345.1,0,0
2026-03-12,299.26,0,0
2026-03-13,395.62,0,0
2026-03-14,491.32,0,0
2026-03-15,408.81,0,0
2026-03-16,325.13,0,0
2026-03-17,302.82,0,0
2026-03-18,322.38,0,0
2026-03-19,420.5,0,0
2026-03-20,393.01,0,0
2026-03-21,357.04,0,0
2026-03-22,429.58,0,0
2026-03-23,352.41,0,0
2026-03-24,327.25,0,0
2026-03-25,305.73,0,0
2026-03-26,324.36,0,0
2026-03-27,431.99,0,0
2026-03-28,453.54,0,0
2026-03-29,439.88,0,0
2026-03-30,369.34,0,0
2026-03-31,352.6,0,0
2026-04-01,326.65,0,0
2026-04-02,364.21,0,0
2026-04-03,456.01,0,0
2026-04-04,511.9,0,0
2026-04-05,371.9,0,0
2026-04-06,352.92,0,0
2026-04-07,372.98,0,0
2026-04-08,425.11,0,0
2026-04-09,451.85,0,0
2026-04-10,367.49,0,0
2026-04-11,523.5,0,0
2026-04-12,419.41,0,0
2026-04-13,408.29,0,0
2026-04-14,385.56,0,0
2026-04-15,311.93,0,0
2026-04-16,400.29,0,0
2026-04-17,450.3,0,0
2026-04-18,458.16,0,0
2026-04-19,417.92,0,0
2026-04-20,307.55,0,0
2026-04-21,392.31,0,0
2026-04-22,370.17,0,0
2026-04-23,336.06,0,0
2026-04-24,402.57,0,0
2026-04-25,585.32,0,1
2026-04-26,404.92,0,0
2026-04-27,372.08,0,0
2026-04-28,290.64,0,0
2026-04-29,420.41,0,0
2026-04-30,386.8,0,0
2026-05-01,370.26,0,0
2026-05-02,342.84,0,0
2026-05-03,491.17,0,0
2026-05-04,400.61,0,0
2026-05-05,381.49,0,0
2026-05-06,410.4,0,0
2026-05-07,420.62,0,0
2026-05-08,433.36,0,0
2026-05-09,582.09,0,1
2026-05-10,421.24,0,0
2026-05-11,408.29,0,0
2026-05-12,426.06,0,0
2026-05-13,380.79,0,0
2026-05-14,472.17,0,0
2026-05-15,445.64,0,0
2026-05-16,500.73,0,0
2026-05-17,568.26,0,0
2026-05-18,467.98,0,0
2026-05-19,449.15,0,0
2026-05-20,363.12,0,0
2026-05-21,502.05,0,0
2026-05-22,425.72,0,0
2026-05-23,472.17,0,0
2026-05-24,347.22,0,0
2026-05-25,397.47,0,0
2026-05-26,333.86,0,0
2026-05-27,405.91,0,0
2026-05-28,356.97,0,0
2026-05-29,533.94,0,0
2026-05-30,522.78,0,0
2026-05-31,565.63,0,0
2026-06-01,348.45,0,0
2026-06-02,452.83,0,0
2026-06-03,316.93,0,0
2026-06-04,429.68,0,0
2026-06-05,416.26,0,0
2026-06-06,477.75,0,0
2026-06-07,546.57,0,1
2026-06-08,366.79,0,0
2026-06-09,331.09,0,0
2026-06-10,383.99,0,0
2026-06-11,419.94,0,0
2026-06-12,496.22,0,0
2026-06-13,521.5,0,0
2026-06-14,535.88,0,0
2026-06-15,337.38,0,0
2026-06-16,382.08,0,0
2026-06-17,501.69,0,0
2026-06-18,506.74,0,0
2026-06-19,479.9,0,0
2026-06-20,656.69,0,0
2026-06-21,521.06,0,0
2026-06-22,441.63,0,0
2026-06-23,489.23,0,0
2026-06-24,476.17,0,0
2026-06-25,471.75,0,0
2026-06-26,498.23,0,0
2026-06-27,530.3,0,0
2026-06-28,533.21,0,0
2026-06-29,536.94,0,0
2026-06-30,487.58,0,0
2026-07-01,541.85,0,0
2026-07-02,536.71,0,0
2026-07-03,503.93,0,0
2026-07-04,665.16,1,0
2026-07-05,505.44,0,0
2026-07-06,458.25,0,0
2026-07-07,420.56,0,0
2026-07-08,667.56,0,1
2026-07-09,562.67,0,0
2026-07-10,665.73,0,0
2026-07-11,559.58,0,0
2026-07-12,669.17,0,0
2026-07-13,567.4,0,0
2026-07-14,463.32,0,0
2026-07-15,507.16,0,0
2026-07-16,577.97,0,0
2026-07-17,543.25,0,0
2026-07-18,603.47,0,0
2026-07-19,530.27,0,0
2026-07-20,365.75,0,0
2026-07-21,473.07,0,0
2026-07-22,448.63,0,0
2026-07-23,442.93,0,0
2026-07-24,575.43,0,0
2026-07-25,517.97,0,0
2026-07-26,624.81,0,0
2026-07-27,528.87,0,0
2026-07-28,454.12,0,0
2026-07-29,480.86,0,0
2026-07-30,550.09,0,1
2026-07-31,580.13,0,0
2026-08-01,615.71,0,0
2026-08-02,590.69,0,0
2026-08-03,511.75,0,0
2026-08-04,437.13,0,0
2026-08-05,405.47,0,0
2026-08-06,559.32,0,0
2026-08-07,590.94,0,0
2026-08-08,576.11,0,0
2026-08-09,591.15,0,0
2026-08-10,566.21,0,0
2026-08-11,540.7,0,0
2026-08-12,448.36,0,0
2026-08-13,425.88,0,0
2026-08-14,460.61,0,0
2026-08-15,585.37,0,0
